{"type":"FeatureCollection","features":[{"type":"Feature","properties":{"district":"Ariyalur"},"geometry":{"type":"Polygon","coordinates":[[[79.4587,11.1506],[79.5102,11.2281],[79.4952,11.2484],[79.5052,11.2646],[79.4983,11.3139],[79.4375,11.3338],[79.4258,11.3667],[79.3952,11.3535],[79.3934,11.4028],[79.3798,11.4105],[79.3855,11.4001],[79.3753,11.3977],[79.37,11.417],[79.3223,11.4197],[79.2926,11.4123],[79.296,11.38],[79.2586,11.3885],[79.2416,11.3696],[79.226,11.392],[79.1681,11.3784],[79.1508,11.3634],[79.1575,11.3384],[79.13,11.331],[79.125,11.3108],[79.1409,11.3093],[79.1393,11.29],[79.1301,11.2976],[79.111,11.289],[79.1222,11.2487],[79.0989,11.2307],[79.0934,11.1998],[79.0659,11.2044],[79.0784,11.1808],[79.0551,11.1299],[79.0694,11.1089],[79.0544,11.085],[79.0323,11.0839],[79.0064,11.0589],[79.0123,11.0101],[78.9919,11.0014],[78.9874,10.9668],[78.9462,10.975],[78.9503,10.9555],[78.9778,10.9432],[78.9827,10.9217],[79.0019,10.9222],[79.0057,10.8936],[79.048,10.8878],[79.0842,10.9267],[79.2222,10.9465],[79.291,11.0144],[79.3989,11.0669],[79.4587,11.1506]]]}},{"type":"Feature","properties":{"district":"Chengalpattu"},"geometry":{"type":"Polygon","coordinates":[[[80.1446,13.0243],[80.1344,13.0447],[80.1231,13.0332],[80.0818,13.041],[80.0798,13.0162],[80.0585,13.0089],[80.0635,12.9846],[80.0476,12.9647],[80.065,12.9583],[80.0805,12.973],[80.1035,12.9494],[80.0602,12.9001],[80.0506,12.839],[80.0094,12.8094],[79.9568,12.8253],[79.956,12.7908],[79.9393,12.7834],[79.9103,12.7999],[79.9013,12.7845],[79.8769,12.78],[79.9266,12.7458],[79.9517,12.7108],[79.9528,12.6994],[79.9171,12.6962],[79.9285,12.6372],[79.897,12.6416],[79.888,12.6304],[79.8235,12.6207],[79.8053,12.6291],[79.8193,12.5655],[79.7959,12.5682],[79.7637,12.5502],[79.7537,12.5617],[79.7439,12.5319],[79.7562,12.515],[79.7498,12.5029],[79.7207,12.5005],[79.7473,12.4841],[79.7495,12.4567],[79.7334,12.4541],[79.7363,12.4284],[79.7178,12.4392],[79.7073,12.4151],[79.6915,12.4209],[79.6978,12.4022],[79.6642,12.3877],[79.6637,12.3681],[79.6404,12.3447],[79.6797,12.3158],[79.7062,12.3346],[79.7503,12.3248],[79.7992,12.3374],[79.8676,12.2489],[79.9009,12.2294],[79.9245,12.2316],[79.9214,12.2501],[79.9553,12.2288],[80.0086,12.2548],[80.1558,12.4649],[80.1663,12.5297],[80.255,12.7821],[80.2491,12.8567],[80.2129,12.8609],[80.2174,12.9106],[80.1988,12.9111],[80.1992,12.9334],[80.1879,12.9379],[80.201,12.9585],[80.169,12.9802],[80.1652,13.0042],[80.1446,13.0243]]]}},{"type":"Feature","properties":{"district":"Chennai"},"geometry":{"type":"Polygon","coordinates":[[[80.3319,13.2354],[80.3033,13.2128],[80.2753,13.2293],[80.2704,13.2033],[80.2228,13.1998],[80.2159,13.1723],[80.1996,13.1812],[80.1946,13.154],[80.1771,13.1396],[80.1458,13.1394],[80.1404,13.0986],[80.1614,13.0811],[80.1603,13.0449],[80.1457,13.0399],[80.1485,13.0644],[80.1344,13.0447],[80.1446,13.0243],[80.2,13.0287],[80.2108,13.0089],[80.2042,12.983],[80.2212,12.9651],[80.2434,12.9839],[80.2678,12.9751],[80.2869,13.0646],[80.3108,13.1082],[80.2949,13.0929],[80.3319,13.2354]]]}},{"type":"Feature","properties":{"district":"Coimbatore"},"geometry":{"type":"Polygon","coordinates":[[[77.1471,11.3362],[77.1293,11.3542],[77.1284,11.3784],[77.1131,11.3809],[77.1103,11.4064],[77.0705,11.3861],[77.0704,11.4025],[77.0454,11.4025],[77.0136,11.3688],[76.9716,11.3862],[76.9575,11.3811],[76.9334,11.3764],[76.9291,11.368],[76.9501,11.3658],[76.9326,11.3561],[76.9027,11.3508],[76.8929,11.3661],[76.8842,11.3517],[76.8767,11.3584],[76.8498,11.3426],[76.86,11.3036],[76.8427,11.2874],[76.807,11.2992],[76.7903,11.2791],[76.7691,11.2896],[76.7549,11.2487],[76.7298,11.2454],[76.7057,11.2633],[76.7071,11.2384],[76.7314,11.2156],[76.7222,11.2036],[76.729,11.191],[76.7002,11.1818],[76.6896,11.1596],[76.7288,11.1305],[76.7476,11.1369],[76.739,11.1041],[76.7489,11.0929],[76.75,11.0935],[76.7545,11.0782],[76.7426,11.0633],[76.7597,11.0522],[76.7597,11.0522],[76.7612,11.0515],[76.7614,11.0508],[76.7886,11.0454],[76.7887,11.0454],[76.7985,11.0565],[76.7973,11.0475],[76.797,11.047],[76.7963,11.0463],[76.7937,11.044],[76.7932,11.0431],[76.7938,11.0418],[76.7937,11.0416],[76.7927,11.0389],[76.7927,11.0388],[76.7927,11.0388],[76.7926,11.0387],[76.7926,11.0386],[76.7926,11.0386],[76.7918,11.0374],[76.7666,11.0291],[76.7144,11.0409],[76.6942,11.0216],[76.6857,10.9902],[76.686,10.9896],[76.686,10.9894],[76.686,10.9893],[76.6558,10.939],[76.6675,10.9242],[76.6675,10.9242],[76.7165,10.9068],[76.7167,10.9065],[76.7251,10.9019],[76.7254,10.9017],[76.8283,10.8719],[76.8538,10.839],[76.8499,10.8172],[76.9009,10.8072],[76.9075,10.778],[76.8907,10.7382],[76.8902,10.7374],[76.8929,10.7215],[76.8667,10.6834],[76.8667,10.6834],[76.8839,10.6489],[76.8681,10.6336],[76.868,10.6336],[76.8411,10.6347],[76.8399,10.6343],[76.8284,10.6366],[76.8278,10.6362],[76.8134,10.6278],[76.8125,10.6265],[76.8111,10.6248],[76.8105,10.6245],[76.8163,10.6144],[76.8163,10.6144],[76.8182,10.6116],[76.8184,10.6105],[76.8232,10.5979],[76.824,10.5976],[76.8284,10.5972],[76.8284,10.5972],[76.8375,10.5983],[76.8375,10.5822],[76.8375,10.5819],[76.8354,10.5449],[76.8381,10.5434],[76.8335,10.5079],[76.8335,10.5077],[76.8164,10.4235],[76.8336,10.4078],[76.8237,10.3951],[76.8439,10.3775],[76.8462,10.3584],[76.8462,10.3578],[76.8377,10.3378],[76.8367,10.3351],[76.8358,10.3328],[76.8361,10.3306],[76.8357,10.3291],[76.8352,10.3281],[76.8347,10.3266],[76.833,10.3181],[76.8313,10.3156],[76.8304,10.3131],[76.8293,10.3076],[76.8298,10.3069],[76.8299,10.3063],[76.8301,10.3052],[76.8302,10.3039],[76.8328,10.3032],[76.8381,10.3017],[76.8387,10.301],[76.8397,10.2999],[76.8407,10.2997],[76.8428,10.2971],[76.842,10.2919],[76.8431,10.2895],[76.8468,10.2879],[76.8479,10.2877],[76.8486,10.2868],[76.8486,10.2868],[76.8486,10.2854],[76.8492,10.2853],[76.8516,10.2849],[76.8525,10.2854],[76.8516,10.2877],[76.8544,10.2923],[76.8559,10.2933],[76.8574,10.2936],[76.8579,10.2936],[76.8584,10.2936],[76.8592,10.2926],[76.8597,10.2921],[76.8597,10.292],[76.8601,10.2919],[76.8624,10.292],[76.8632,10.2929],[76.8643,10.2953],[76.867,10.2956],[76.8684,10.2961],[76.8686,10.2963],[76.8701,10.2986],[76.8727,10.2987],[76.8733,10.2982],[76.8735,10.2978],[76.8743,10.2953],[76.8743,10.2918],[76.8742,10.2902],[76.8737,10.2861],[76.8733,10.2833],[76.8731,10.2801],[76.8731,10.2778],[76.8734,10.2763],[76.8766,10.2743],[76.8825,10.2716],[76.8891,10.2656],[76.8914,10.2631],[76.8971,10.2628],[76.8974,10.2624],[76.8984,10.2604],[76.8991,10.2587],[76.9012,10.2518],[76.91,10.2386],[76.91,10.2378],[76.9887,10.2246],[76.9898,10.2253],[76.998,10.2301],[76.998,10.2301],[77.001,10.2344],[77.001,10.2344],[77.0022,10.2345],[77.0024,10.2344],[77.0045,10.2371],[77.0045,10.2371],[77.0072,10.2392],[77.0072,10.2392],[77.0109,10.24],[77.0109,10.24],[77.0133,10.2435],[77.0134,10.2435],[77.0142,10.2456],[77.0142,10.2456],[77.0183,10.2461],[77.0189,10.2466],[77.0348,10.2522],[77.0348,10.2522],[77.0348,10.2522],[77.0348,10.2522],[77.036,10.2526],[77.036,10.2526],[77.0386,10.2527],[77.0387,10.2527],[77.04,10.2526],[77.04,10.2526],[77.0416,10.2544],[77.0419,10.2546],[77.0506,10.2618],[77.0513,10.2667],[77.0513,10.2667],[77.0512,10.2667],[77.0512,10.2667],[77.0512,10.2667],[77.0512,10.2667],[77.0511,10.267],[77.0511,10.267],[77.0508,10.2679],[77.0508,10.2679],[77.0508,10.2679],[77.0508,10.2679],[77.0508,10.268],[77.0508,10.268],[77.0508,10.268],[77.0508,10.268],[77.0513,10.2689],[77.0513,10.269],[77.0513,10.2691],[77.0514,10.2691],[77.0519,10.2702],[77.052,10.2702],[77.0521,10.2706],[77.0521,10.2706],[77.0525,10.2717],[77.0525,10.2717],[77.046,10.2843],[77.0477,10.2848],[77.0617,10.2908],[77.0618,10.2909],[77.0639,10.2952],[77.0643,10.2958],[77.0726,10.2991],[77.0736,10.2996],[77.0914,10.3139],[77.0782,10.3374],[77.09,10.3509],[77.0871,10.3774],[77.0418,10.4264],[77.0732,10.4595],[77.0585,10.4791],[77.0783,10.5022],[77.0727,10.5451],[77.0854,10.5782],[77.158,10.5842],[77.1707,10.5997],[77.1811,10.6439],[77.1451,10.6599],[77.1341,10.7501],[77.1718,10.8022],[77.2153,10.8035],[77.2144,10.7856],[77.2541,10.7764],[77.2839,10.7866],[77.2782,10.8027],[77.299,10.8146],[77.2884,10.8481],[77.2578,10.8698],[77.2481,10.9047],[77.211,10.9023],[77.1989,10.9202],[77.1818,10.9206],[77.1538,10.9983],[77.1753,11.0158],[77.1684,11.0673],[77.2646,11.1106],[77.2422,11.138],[77.2251,11.125],[77.1896,11.1505],[77.1732,11.1382],[77.1823,11.1619],[77.161,11.168],[77.1589,11.1974],[77.145,11.2072],[77.1659,11.2443],[77.1701,11.2833],[77.1392,11.2797],[77.1171,11.2946],[77.1263,11.308],[77.1506,11.3063],[77.1471,11.3362]]]}},{"type":"Feature","properties":{"district":"Cuddalore"},"geometry":{"type":"MultiPolygon","coordinates":[[[[79.7094,11.8844],[79.6896,11.8864],[79.6888,11.8863],[79.6879,11.8865],[79.6854,11.8841],[79.6851,11.8834],[79.6851,11.881],[79.7031,11.8319],[79.6856,11.8325],[79.6857,11.8125],[79.68,11.7971],[79.6774,11.7997],[79.6746,11.8035],[79.6748,11.8068],[79.6748,11.8068],[79.6411,11.7985],[79.5908,11.8415],[79.4551,11.8715],[79.4515,11.8491],[79.4805,11.8372],[79.4827,11.8119],[79.4683,11.7992],[79.4435,11.81],[79.4306,11.7785],[79.4388,11.7666],[79.4638,11.7672],[79.4628,11.7432],[79.4285,11.7312],[79.4443,11.666],[79.3769,11.6791],[79.3598,11.6599],[79.3323,11.661],[79.3087,11.6327],[79.2915,11.6473],[79.2487,11.6524],[79.2356,11.6293],[79.21,11.6337],[79.2124,11.6201],[79.1837,11.586],[79.1565,11.5982],[79.1358,11.589],[79.0841,11.6343],[79.0675,11.6302],[79.0779,11.5969],[79.0492,11.5857],[79.0498,11.5956],[79.0184,11.6067],[79.0044,11.5746],[78.9238,11.5671],[78.9049,11.5053],[78.8776,11.5075],[78.9621,11.4055],[78.997,11.4076],[79.0324,11.3936],[79.1059,11.4017],[79.1681,11.3784],[79.226,11.392],[79.2416,11.3696],[79.2586,11.3885],[79.296,11.38],[79.2926,11.4123],[79.3223,11.4197],[79.37,11.417],[79.3753,11.3977],[79.3855,11.4001],[79.3798,11.4105],[79.3934,11.4028],[79.3952,11.3535],[79.4258,11.3667],[79.4375,11.3338],[79.4983,11.3139],[79.5052,11.2646],[79.4952,11.2484],[79.5102,11.2281],[79.4587,11.1506],[79.5267,11.1837],[79.6026,11.2214],[79.6164,11.2555],[79.647,11.2493],[79.6503,11.2993],[79.7245,11.3458],[79.7593,11.3526],[79.7644,11.382],[79.7916,11.3724],[79.8034,11.3811],[79.8129,11.4227],[79.757,11.557],[79.7959,11.7857],[79.788,11.7866],[79.7844,11.7873],[79.7719,11.7822],[79.7659,11.7918],[79.7654,11.7913],[79.756,11.7754],[79.7421,11.7801],[79.741,11.7806],[79.7124,11.7915],[79.7334,11.8094],[79.7357,11.8093],[79.7324,11.8334],[79.7298,11.8365],[79.7374,11.8443],[79.7607,11.8352],[79.7622,11.8344],[79.7645,11.8336],[79.7645,11.8334],[79.7678,11.8227],[79.7701,11.8228],[79.7773,11.8305],[79.7777,11.8309],[79.7967,11.8244],[79.7978,11.8383],[79.8046,11.8335],[79.8069,11.8369],[79.8031,11.8507],[79.8033,11.8527],[79.8022,11.8545],[79.8015,11.8543],[79.8007,11.8553],[79.7992,11.8551],[79.7963,11.855],[79.7946,11.8548],[79.7934,11.8549],[79.7903,11.8553],[79.7896,11.8553],[79.7823,11.8559],[79.7817,11.8558],[79.7725,11.8366],[79.7713,11.837],[79.7707,11.8372],[79.7667,11.8401],[79.7653,11.8429],[79.7651,11.8447],[79.7643,11.8469],[79.7638,11.8475],[79.7632,11.8518],[79.7634,11.8518],[79.7643,11.8518],[79.7649,11.8518],[79.7682,11.8579],[79.7683,11.8584],[79.7645,11.8755],[79.7643,11.8762],[79.751,11.848],[79.7397,11.8646],[79.7157,11.8575],[79.7149,11.8589],[79.7093,11.8826],[79.7094,11.8844]],[[79.7028,11.8136],[79.6946,11.823],[79.7042,11.8135],[79.7028,11.8136]]],[[[79.7906,11.8971],[79.7815,11.9028],[79.7766,11.905],[79.7752,11.9018],[79.773,11.8769],[79.7728,11.8752],[79.7734,11.8752],[79.7769,11.878],[79.779,11.8776],[79.7797,11.8779],[79.7784,11.8654],[79.7784,11.8634],[79.7807,11.8627],[79.7814,11.8632],[79.7824,11.8628],[79.785,11.8628],[79.7852,11.8631],[79.7874,11.8733],[79.7882,11.8739],[79.7902,11.8773],[79.7924,11.8768],[79.7948,11.8852],[79.7947,11.8855],[79.7949,11.888],[79.795,11.8883],[79.7965,11.8999],[79.7906,11.8971]]]]}},{"type":"Feature","properties":{"district":"Dharmapuri"},"geometry":{"type":"Polygon","coordinates":[[[78.6329,12.1766],[78.6123,12.1825],[78.5825,12.1623],[78.5715,12.1935],[78.5165,12.1772],[78.5064,12.1429],[78.4653,12.1467],[78.4719,12.1728],[78.4464,12.1911],[78.4086,12.1965],[78.3909,12.1861],[78.3744,12.1953],[78.4031,12.2239],[78.3549,12.2261],[78.3526,12.2473],[78.3022,12.274],[78.2675,12.2634],[78.2582,12.2945],[78.232,12.3022],[78.2294,12.3174],[78.2473,12.3328],[78.2362,12.3479],[78.2052,12.3291],[78.1736,12.3372],[78.1667,12.3629],[78.1349,12.3819],[78.1278,12.4023],[78.1425,12.4272],[78.1146,12.4453],[78.1181,12.4547],[78.0801,12.4489],[78.0778,12.4636],[78.0491,12.4756],[78.0271,12.4597],[78.0118,12.5028],[77.9858,12.5098],[77.9589,12.4839],[77.9424,12.5137],[77.9215,12.5042],[77.9089,12.5127],[77.8999,12.4997],[77.9345,12.4694],[77.9238,12.4561],[77.9304,12.4418],[77.9451,12.4494],[77.9709,12.4127],[77.9495,12.3751],[77.9485,12.3366],[77.9267,12.3251],[77.8672,12.3302],[77.8677,12.2658],[77.8617,12.2545],[77.8453,12.2622],[77.8145,12.2342],[77.7943,12.1483],[77.7724,12.172],[77.7467,12.1558],[77.7764,12.1123],[77.7089,12.036],[77.6757,11.952],[77.7367,11.9406],[77.7627,11.9099],[77.8477,11.8943],[77.8671,11.9157],[77.9051,11.9003],[77.9703,11.8956],[78.039,11.9363],[78.0737,11.9376],[78.1449,11.9683],[78.2349,11.9793],[78.2533,11.9511],[78.2358,11.918],[78.257,11.9402],[78.2728,11.9379],[78.2579,11.9124],[78.2908,11.9321],[78.269,11.9003],[78.2801,11.8996],[78.3244,11.9301],[78.3264,11.8996],[78.3091,11.8812],[78.3589,11.9117],[78.3531,11.8942],[78.3676,11.8806],[78.3456,11.8242],[78.3129,11.7827],[78.3283,11.776],[78.3806,11.8257],[78.4144,11.8801],[78.4415,11.8683],[78.4351,11.8547],[78.4554,11.8264],[78.5394,11.8066],[78.5958,11.8228],[78.6268,11.8692],[78.6346,11.8883],[78.6551,11.8854],[78.6899,11.904],[78.7082,11.8979],[78.7239,11.9197],[78.7044,11.94],[78.7171,11.9841],[78.6977,11.9925],[78.7038,12.0291],[78.7452,12.1239],[78.7376,12.1339],[78.6612,12.1025],[78.6572,12.125],[78.6309,12.1286],[78.6479,12.1622],[78.6329,12.1766]]]}},{"type":"Feature","properties":{"district":"Dindigul"},"geometry":{"type":"Polygon","coordinates":[[[78.1516,10.7043],[78.1516,10.7405],[78.1858,10.8337],[78.1799,10.8228],[78.176,10.8351],[78.1586,10.8328],[78.1491,10.8039],[78.1051,10.805],[78.0981,10.7669],[78.0699,10.7757],[78.0569,10.7636],[78.0557,10.7739],[78.0278,10.7815],[77.9833,10.7595],[77.9392,10.7684],[77.9313,10.7366],[77.9982,10.7428],[78.0152,10.7196],[78.0055,10.6755],[77.9699,10.6725],[77.9778,10.6398],[77.909,10.657],[77.8764,10.6454],[77.8723,10.6312],[77.8307,10.6328],[77.813,10.6482],[77.8177,10.6794],[77.808,10.6808],[77.7665,10.6793],[77.7434,10.6369],[77.7205,10.6312],[77.6985,10.6624],[77.7063,10.716],[77.702,10.7337],[77.6891,10.7349],[77.6647,10.7163],[77.6557,10.6734],[77.5801,10.6791],[77.5492,10.639],[77.5428,10.6098],[77.5083,10.607],[77.5161,10.613],[77.5046,10.6426],[77.4825,10.65],[77.4017,10.6134],[77.368,10.5467],[77.378,10.5259],[77.4057,10.5221],[77.4017,10.4988],[77.3785,10.4939],[77.3851,10.449],[77.3323,10.4546],[77.32,10.434],[77.3157,10.3557],[77.3366,10.3541],[77.3265,10.3211],[77.3513,10.2733],[77.3481,10.2634],[77.3251,10.2701],[77.3105,10.2463],[77.2968,10.2527],[77.2881,10.2319],[77.2881,10.2319],[77.295,10.2179],[77.2765,10.1876],[77.2761,10.1869],[77.2742,10.1696],[77.2735,10.1679],[77.2742,10.1359],[77.2742,10.1358],[77.2741,10.1356],[77.2742,10.1348],[77.268,10.1264],[77.2672,10.1251],[77.2666,10.1217],[77.283,10.1178],[77.3025,10.136],[77.3237,10.1276],[77.3293,10.1427],[77.3415,10.136],[77.3607,10.1511],[77.3721,10.1393],[77.3954,10.1628],[77.4276,10.1361],[77.4656,10.1288],[77.4826,10.1539],[77.5462,10.1828],[77.5481,10.2022],[77.5481,10.2025],[77.5668,10.1954],[77.5697,10.1813],[77.6233,10.2187],[77.6652,10.1888],[77.6932,10.1969],[77.7065,10.2159],[77.7013,10.1952],[77.7293,10.1591],[77.7295,10.1314],[77.6764,10.1446],[77.6686,10.1224],[77.7025,10.1027],[77.7126,10.0259],[77.7172,10.0181],[77.7636,10.0559],[77.7805,10.0509],[77.8056,10.0676],[77.8606,10.0751],[77.8748,10.0616],[77.891,10.0781],[77.9196,10.0719],[77.9254,10.091],[77.9465,10.0836],[77.9313,10.0903],[77.9336,10.1136],[77.9622,10.1373],[77.9841,10.1366],[78.02,10.1845],[78.1306,10.1875],[78.1612,10.1545],[78.1563,10.1073],[78.1702,10.0925],[78.204,10.0793],[78.2029,10.0669],[78.2604,10.0859],[78.2843,10.1486],[78.2814,10.1669],[78.2619,10.159],[78.2697,10.1513],[78.2597,10.1614],[78.2689,10.1824],[78.3287,10.2284],[78.3217,10.2477],[78.332,10.2549],[78.326,10.2851],[78.3399,10.2887],[78.3332,10.3004],[78.3308,10.3376],[78.2772,10.3832],[78.3068,10.4122],[78.3151,10.4395],[78.2464,10.4679],[78.2176,10.4667],[78.1917,10.5009],[78.1734,10.5037],[78.2,10.5467],[78.1888,10.5591],[78.1392,10.5626],[78.1327,10.5751],[78.1362,10.5968],[78.1654,10.6137],[78.1631,10.6489],[78.1455,10.6497],[78.1507,10.7025],[78.1516,10.7043]]]}},{"type":"Feature","properties":{"district":"Erode"},"geometry":{"type":"MultiPolygon","coordinates":[[[[77.4272,11.7609],[77.3945,11.7876],[77.3648,11.7904],[77.3351,11.7712],[77.2939,11.809],[77.288,11.8004],[77.2499,11.813],[77.2386,11.7947],[77.1107,11.7735],[77.1177,11.7211],[77.0802,11.736],[77.0564,11.7698],[77.0698,11.7821],[77.0629,11.7904],[77.0289,11.7747],[77.0387,11.7938],[77.0129,11.8146],[76.9821,11.8115],[76.9699,11.7769],[76.9539,11.7921],[76.908,11.7952],[76.8883,11.7336],[76.8626,11.711],[76.835,11.6554],[76.8346,11.6395],[76.8581,11.614],[76.8469,11.5945],[76.8304,11.5719],[76.8631,11.5441],[76.8663,11.5196],[76.9274,11.5333],[76.9451,11.5193],[76.9353,11.4822],[76.9718,11.4677],[76.9911,11.4812],[77.0122,11.452],[77.0074,11.4344],[76.9829,11.4404],[76.981,11.4013],[76.9575,11.3811],[76.9716,11.3862],[77.0136,11.3688],[77.0454,11.4025],[77.0704,11.4025],[77.0705,11.3861],[77.1103,11.4064],[77.1131,11.3809],[77.1284,11.3784],[77.1293,11.3542],[77.1471,11.3362],[77.1825,11.3138],[77.1787,11.3421],[77.234,11.3521],[77.2215,11.3402],[77.2365,11.3141],[77.202,11.3041],[77.2163,11.2978],[77.2416,11.3052],[77.2472,11.3292],[77.2539,11.3108],[77.2889,11.3437],[77.2863,11.2924],[77.3144,11.282],[77.2956,11.2728],[77.3313,11.2568],[77.3487,11.2859],[77.3338,11.3151],[77.3661,11.3171],[77.3632,11.3415],[77.4175,11.3103],[77.4257,11.3197],[77.444,11.3057],[77.4524,11.3133],[77.4653,11.2523],[77.5002,11.2268],[77.499,11.2056],[77.5169,11.2056],[77.5123,11.183],[77.4763,11.1849],[77.4697,11.1648],[77.4851,11.1608],[77.4832,11.14],[77.4989,11.1466],[77.5033,11.1069],[77.5562,11.1082],[77.5842,11.1214],[77.5987,11.1116],[77.6324,11.1255],[77.707,11.0915],[77.7134,11.0782],[77.7372,11.0857],[77.7766,11.0583],[77.8178,11.0703],[77.8305,11.0478],[77.8516,11.0461],[77.8708,11.0233],[77.9198,11.0469],[77.9331,11.0702],[77.8877,11.0874],[77.8843,11.1559],[77.8615,11.1857],[77.8642,11.2433],[77.8077,11.2676],[77.7508,11.3542],[77.6844,11.4177],[77.6966,11.4644],[77.7324,11.5117],[77.7241,11.5367],[77.7462,11.5706],[77.7359,11.6013],[77.7765,11.6957],[77.7456,11.6546],[77.6955,11.6396],[77.691,11.7185],[77.7222,11.7951],[77.7098,11.7976],[77.6343,11.664],[77.6184,11.6762],[77.6107,11.6522],[77.5784,11.6853],[77.5767,11.6525],[77.5643,11.6609],[77.5287,11.5863],[77.5128,11.5919],[77.5163,11.5793],[77.4856,11.5498],[77.4447,11.5614],[77.4586,11.6066],[77.4376,11.645],[77.454,11.6661],[77.4397,11.6737],[77.4432,11.7166],[77.4154,11.7396],[77.4272,11.7609]]],[[[77.5321,11.8485],[77.5307,11.7784],[77.4804,11.7392],[77.4646,11.7422],[77.45,11.6969],[77.4574,11.678],[77.472,11.7181],[77.5098,11.7533],[77.5388,11.7393],[77.5571,11.7665],[77.5716,11.7114],[77.596,11.7498],[77.5852,11.758],[77.5907,11.7733],[77.6134,11.7663],[77.6315,11.7292],[77.6354,11.7539],[77.6171,11.7857],[77.5719,11.7855],[77.5735,11.8012],[77.5419,11.8015],[77.5447,11.8371],[77.5321,11.8485]]]]}},{"type":"Feature","properties":{"district":"Kancheepuram"},"geometry":{"type":"MultiPolygon","coordinates":[[[[79.7178,12.4392],[79.7363,12.4284],[79.7334,12.4541],[79.7178,12.4392]]],[[[80.2678,12.9751],[80.2434,12.9839],[80.2212,12.9651],[80.2042,12.983],[80.2108,13.0089],[80.2,13.0287],[80.1446,13.0243],[80.1652,13.0042],[80.169,12.9802],[80.201,12.9585],[80.1879,12.9379],[80.1992,12.9334],[80.1988,12.9111],[80.2174,12.9106],[80.2129,12.8609],[80.2491,12.8567],[80.2678,12.9751]]],[[[80.0798,13.0162],[80.0711,13.0374],[80.0524,13.0228],[80.042,13.0297],[80.0427,13.019],[80.0225,13.0239],[80.0238,13.0404],[79.9946,13.0467],[79.9819,13.0317],[79.9742,13.0389],[79.9865,13.0562],[79.949,13.0327],[79.9182,13.035],[79.9178,13.0476],[79.9007,13.0495],[79.9004,13.017],[79.92,13.0195],[79.9423,13.0013],[79.9286,12.9901],[79.9084,13.0042],[79.8892,12.9937],[79.914,12.9789],[79.8904,12.9451],[79.8212,12.962],[79.813,12.9903],[79.8305,12.997],[79.8266,13.0304],[79.8011,13.0149],[79.7899,13.0246],[79.6589,12.9506],[79.6631,12.9304],[79.5683,12.8996],[79.557,12.8849],[79.5596,12.8536],[79.6383,12.8148],[79.6353,12.7864],[79.6502,12.7825],[79.6545,12.7642],[79.6775,12.7902],[79.7448,12.7439],[79.7132,12.7283],[79.7365,12.7193],[79.7419,12.6949],[79.6825,12.668],[79.6466,12.6704],[79.6303,12.631],[79.6454,12.6252],[79.6457,12.6031],[79.6658,12.5934],[79.6884,12.6016],[79.7246,12.5874],[79.7057,12.5695],[79.7439,12.5319],[79.7537,12.5617],[79.7637,12.5502],[79.7959,12.5682],[79.8193,12.5655],[79.8053,12.6291],[79.8235,12.6207],[79.888,12.6304],[79.897,12.6416],[79.9285,12.6372],[79.9171,12.6962],[79.9528,12.6994],[79.9517,12.7108],[79.9266,12.7458],[79.8769,12.78],[79.9013,12.7845],[79.9103,12.7999],[79.9393,12.7834],[79.956,12.7908],[79.9568,12.8253],[80.0094,12.8094],[80.0506,12.839],[80.0602,12.9001],[80.1035,12.9494],[80.0805,12.973],[80.065,12.9583],[80.0476,12.9647],[80.0635,12.9846],[80.0585,13.0089],[80.0798,13.0162]]]]}},{"type":"Feature","properties":{"district":"Kallakurichi"},"geometry":{"type":"Polygon","coordinates":[[[79.1726,12.0305],[79.1475,12.0441],[79.1254,12.0188],[79.0789,12.0315],[79.0769,12.0442],[79.088,12.0424],[79.0985,12.0661],[79.0865,12.0811],[79.063,12.0699],[79.0688,12.0525],[79.0525,12.0365],[79.0229,12.0501],[79.0315,12.0644],[78.995,12.0676],[78.9885,12.0551],[78.9597,12.0687],[78.9142,12.0145],[78.8737,12.0264],[78.8346,12.007],[78.8043,12.0196],[78.7575,12.0116],[78.7171,11.9841],[78.7044,11.94],[78.7239,11.9197],[78.7082,11.8979],[78.6899,11.904],[78.6551,11.8854],[78.6346,11.8883],[78.6268,11.8692],[78.6952,11.8512],[78.6922,11.8039],[78.6653,11.7967],[78.6432,11.7683],[78.6379,11.7212],[78.6527,11.7153],[78.6459,11.6604],[78.6801,11.6436],[78.6779,11.6718],[78.6932,11.6893],[78.7179,11.6832],[78.7806,11.7033],[78.8046,11.6882],[78.8065,11.6613],[78.7736,11.6366],[78.7863,11.6413],[78.7898,11.6289],[78.7753,11.606],[78.8293,11.5782],[78.8147,11.5447],[78.8347,11.54],[78.843,11.523],[78.8776,11.5075],[78.9049,11.5053],[78.9238,11.5671],[79.0044,11.5746],[79.0184,11.6067],[79.0498,11.5956],[79.0492,11.5857],[79.0779,11.5969],[79.0675,11.6302],[79.0841,11.6343],[79.1358,11.589],[79.1565,11.5982],[79.1837,11.586],[79.2124,11.6201],[79.21,11.6337],[79.2356,11.6293],[79.2487,11.6524],[79.2915,11.6473],[79.3087,11.6327],[79.3323,11.661],[79.3598,11.6599],[79.3769,11.6791],[79.4443,11.666],[79.4285,11.7312],[79.4628,11.7432],[79.4638,11.7672],[79.4388,11.7666],[79.4306,11.7785],[79.4435,11.81],[79.4683,11.7992],[79.4827,11.8119],[79.4805,11.8372],[79.4515,11.8491],[79.4551,11.8715],[79.3749,11.9195],[79.3081,11.9204],[79.3036,11.9362],[79.2642,11.9496],[79.2566,11.9655],[79.2484,11.9511],[79.2331,11.9538],[79.243,11.9632],[79.2294,11.9727],[79.2359,11.9993],[79.2116,11.9867],[79.2202,11.9734],[79.1847,11.9728],[79.1864,11.9858],[79.1684,11.9922],[79.1726,12.0305]]]}},{"type":"Feature","properties":{"district":"Kanyakumari"},"geometry":{"type":"Polygon","coordinates":[[[77.5886,8.1421],[77.5838,8.1546],[77.5462,8.1581],[77.5377,8.1694],[77.5529,8.1918],[77.5453,8.2402],[77.5767,8.2442],[77.5309,8.3187],[77.542,8.3353],[77.534,8.3909],[77.4915,8.3791],[77.4732,8.3974],[77.4616,8.4285],[77.4723,8.4553],[77.4451,8.4748],[77.4387,8.5072],[77.3891,8.524],[77.3744,8.5181],[77.3508,8.5464],[77.2691,8.5788],[77.2691,8.5788],[77.2838,8.5467],[77.2741,8.5354],[77.2742,8.5345],[77.2622,8.5065],[77.2442,8.4976],[77.22,8.5127],[77.2024,8.5012],[77.229,8.4506],[77.2066,8.4447],[77.1682,8.3839],[77.1519,8.3861],[77.1613,8.374],[77.153,8.3551],[77.1696,8.3635],[77.1744,8.3537],[77.1745,8.3533],[77.1692,8.3391],[77.1693,8.3384],[77.1758,8.3203],[77.1693,8.3329],[77.1472,8.332],[77.1192,8.3211],[77.1205,8.3093],[77.1205,8.3093],[77.1018,8.3065],[77.0961,8.2932],[77.24,8.1768],[77.2982,8.1474],[77.3158,8.1218],[77.5509,8.078],[77.5643,8.0923],[77.5588,8.1193],[77.5886,8.1421]]]}},{"type":"Feature","properties":{"district":"Karur"},"geometry":{"type":"Polygon","coordinates":[[[78.1649,11.0132],[78.1017,11.0755],[78.0548,11.074],[77.9951,11.0969],[77.9519,11.0667],[77.9331,11.0702],[77.9198,11.0469],[77.8708,11.0233],[77.8516,11.0461],[77.8305,11.0478],[77.8178,11.0703],[77.7766,11.0583],[77.7897,11.0188],[77.7502,10.9765],[77.77,10.9618],[77.7608,10.9016],[77.7749,10.8712],[77.7889,10.8861],[77.7964,10.8659],[77.8207,10.8577],[77.8362,10.8354],[77.8564,10.8493],[77.8669,10.8441],[77.8714,10.7954],[77.8898,10.7936],[77.8929,10.7815],[77.8711,10.7717],[77.7985,10.8058],[77.7936,10.7903],[77.7778,10.7896],[77.7711,10.7672],[77.8271,10.7497],[77.808,10.6808],[77.8177,10.6794],[77.813,10.6482],[77.8307,10.6328],[77.8723,10.6312],[77.8764,10.6454],[77.909,10.657],[77.9778,10.6398],[77.9699,10.6725],[78.0055,10.6755],[78.0152,10.7196],[77.9982,10.7428],[77.9313,10.7366],[77.9392,10.7684],[77.9833,10.7595],[78.0278,10.7815],[78.0557,10.7739],[78.0569,10.7636],[78.0699,10.7757],[78.0981,10.7669],[78.1051,10.805],[78.1491,10.8039],[78.1586,10.8328],[78.176,10.8351],[78.1799,10.8228],[78.1858,10.8337],[78.1516,10.7405],[78.1516,10.7043],[78.1507,10.7025],[78.1455,10.6497],[78.1631,10.6489],[78.1654,10.6137],[78.1362,10.5968],[78.1327,10.5751],[78.1392,10.5626],[78.1888,10.5591],[78.2,10.5467],[78.2431,10.5543],[78.2627,10.579],[78.2558,10.6014],[78.2835,10.7459],[78.2925,10.7018],[78.3419,10.7052],[78.345,10.7215],[78.3778,10.726],[78.4074,10.6739],[78.425,10.6718],[78.4382,10.69],[78.4679,10.6885],[78.4706,10.7037],[78.5135,10.6949],[78.5203,10.7106],[78.5654,10.7345],[78.5717,10.775],[78.545,10.7961],[78.5546,10.8134],[78.5765,10.8081],[78.5878,10.8286],[78.5506,10.8776],[78.4906,10.8951],[78.4712,10.8863],[78.476,10.9064],[78.4894,10.9065],[78.403,10.9607],[78.2503,10.9688],[78.2063,10.9587],[78.1649,11.0132]]]}},{"type":"Feature","properties":{"district":"Madurai"},"geometry":{"type":"Polygon","coordinates":[[[78.3787,10.3101],[78.3633,10.2937],[78.3332,10.3004],[78.3399,10.2887],[78.326,10.2851],[78.332,10.2549],[78.3217,10.2477],[78.3287,10.2284],[78.2689,10.1824],[78.2597,10.1614],[78.2697,10.1513],[78.2619,10.159],[78.2814,10.1669],[78.2843,10.1486],[78.2604,10.0859],[78.2029,10.0669],[78.204,10.0793],[78.1702,10.0925],[78.1563,10.1073],[78.1612,10.1545],[78.1306,10.1875],[78.02,10.1845],[77.9841,10.1366],[77.9622,10.1373],[77.9336,10.1136],[77.9313,10.0903],[77.9465,10.0836],[77.9254,10.091],[77.9196,10.0719],[77.891,10.0781],[77.8748,10.0616],[77.8606,10.0751],[77.8056,10.0676],[77.7805,10.0509],[77.7636,10.0559],[77.7172,10.0181],[77.7126,10.0259],[77.6979,10.0173],[77.6919,9.9681],[77.6732,9.9618],[77.679,9.9328],[77.6686,9.9143],[77.6541,9.9186],[77.62,9.8622],[77.6256,9.835],[77.6121,9.7991],[77.5663,9.7478],[77.5353,9.675],[77.5036,9.6502],[77.5063,9.6385],[77.4643,9.5798],[77.4754,9.5631],[77.4983,9.5754],[77.5373,9.6598],[77.5519,9.6444],[77.6288,9.7047],[77.644,9.7064],[77.6566,9.6798],[77.6812,9.6767],[77.6937,9.6974],[77.7077,9.691],[77.7101,9.7054],[77.76,9.6827],[77.7763,9.6404],[77.7947,9.6487],[77.8419,9.6353],[77.8489,9.6504],[77.8914,9.6423],[77.9007,9.6265],[77.9232,9.6476],[77.9526,9.6496],[77.9753,9.6296],[78.0007,9.6503],[78.0146,9.6395],[78.0406,9.6785],[78.0615,9.6706],[78.0593,9.6618],[78.0818,9.6632],[78.0878,9.6834],[78.0614,9.7415],[78.0671,9.7529],[78.1011,9.7551],[78.1043,9.7682],[78.0881,9.7794],[78.107,9.7861],[78.137,9.7617],[78.1409,9.8092],[78.1723,9.797],[78.1599,9.7746],[78.1754,9.7721],[78.1934,9.8066],[78.1691,9.8309],[78.1278,9.8141],[78.125,9.8546],[78.1508,9.8522],[78.1513,9.8747],[78.2087,9.8755],[78.2487,9.8602],[78.2392,9.8453],[78.2584,9.8342],[78.267,9.8562],[78.2503,9.8737],[78.3096,9.8653],[78.3171,9.9262],[78.3453,9.94],[78.3703,9.9346],[78.372,9.9623],[78.3889,9.9522],[78.4566,9.9685],[78.4477,9.9862],[78.4561,10.0181],[78.4307,10.036],[78.4277,10.053],[78.4619,10.0716],[78.4564,10.0992],[78.4736,10.1219],[78.4516,10.119],[78.4327,10.1351],[78.4259,10.122],[78.4253,10.1333],[78.4017,10.1386],[78.413,10.1607],[78.3946,10.1741],[78.4083,10.2052],[78.4091,10.2065],[78.3928,10.2437],[78.4251,10.2586],[78.4242,10.2707],[78.3867,10.2703],[78.3813,10.2939],[78.3906,10.3022],[78.3787,10.3101]]]}},{"type":"Feature","properties":{"district":"Nilgiris"},"geometry":{"type":"Polygon","coordinates":[[[76.8469,11.5945],[76.7569,11.6184],[76.5767,11.6145],[76.56,11.6225],[76.5506,11.6742],[76.5117,11.705],[76.4817,11.6925],[76.4582,11.6643],[76.4314,11.6664],[76.4441,11.6472],[76.4278,11.6331],[76.4262,11.6336],[76.4164,11.6335],[76.4126,11.6338],[76.4108,11.6341],[76.4079,11.6341],[76.4078,11.6342],[76.3881,11.6297],[76.378,11.6019],[76.3553,11.5897],[76.352,11.5894],[76.3519,11.5894],[76.3484,11.5893],[76.3359,11.5957],[76.3024,11.5712],[76.2921,11.5904],[76.2881,11.5904],[76.2789,11.6009],[76.2706,11.5938],[76.2649,11.5939],[76.263,11.5904],[76.2627,11.5905],[76.2611,11.5892],[76.2607,11.5891],[76.2606,11.5891],[76.2603,11.5891],[76.2597,11.5887],[76.259,11.5887],[76.2541,11.5854],[76.2537,11.5854],[76.2501,11.5816],[76.25,11.5812],[76.2398,11.5755],[76.2393,11.5756],[76.2504,11.5275],[76.2502,11.5275],[76.2449,11.5262],[76.2445,11.5261],[76.2409,11.5271],[76.2408,11.5271],[76.2385,11.5265],[76.2523,11.5],[76.2476,11.4685],[76.2844,11.4829],[76.2935,11.4657],[76.3255,11.4533],[76.3422,11.4676],[76.3977,11.435],[76.4187,11.4418],[76.4179,11.4375],[76.4169,11.4323],[76.4425,11.4023],[76.4479,11.3983],[76.462,11.3875],[76.4621,11.3875],[76.5178,11.3716],[76.5082,11.3541],[76.5479,11.3589],[76.55,11.331],[76.5373,11.314],[76.5458,11.3003],[76.5222,11.2713],[76.4889,11.2591],[76.4871,11.2583],[76.4543,11.2399],[76.4531,11.2394],[76.4527,11.2365],[76.4524,11.2346],[76.4523,11.2336],[76.4518,11.2291],[76.4516,11.2273],[76.4516,11.2271],[76.4394,11.203],[76.4386,11.199],[76.4456,11.1991],[76.4524,11.1986],[76.4584,11.1877],[76.4662,11.1931],[76.4665,11.1932],[76.4735,11.1949],[76.4778,11.2098],[76.4837,11.2108],[76.4854,11.2108],[76.4868,11.2109],[76.495,11.2111],[76.4952,11.2112],[76.4991,11.2113],[76.5004,11.2115],[76.5339,11.1968],[76.5891,11.2048],[76.5921,11.2052],[76.6297,11.1942],[76.7071,11.2384],[76.7057,11.2633],[76.7298,11.2454],[76.7549,11.2487],[76.7691,11.2896],[76.7903,11.2791],[76.807,11.2992],[76.8427,11.2874],[76.86,11.3036],[76.8498,11.3426],[76.8767,11.3584],[76.8842,11.3517],[76.8929,11.3661],[76.9027,11.3508],[76.9326,11.3561],[76.9501,11.3658],[76.9291,11.368],[76.9334,11.3764],[76.9575,11.3811],[76.981,11.4013],[76.9829,11.4404],[77.0074,11.4344],[77.0122,11.452],[76.9911,11.4812],[76.9718,11.4677],[76.9353,11.4822],[76.9451,11.5193],[76.9274,11.5333],[76.8663,11.5196],[76.8631,11.5441],[76.8304,11.5719],[76.8469,11.5945]]]}},{"type":"Feature","properties":{"district":"Nagapattinam"},"geometry":{"type":"MultiPolygon","coordinates":[[[[79.7247,10.9297],[79.7157,10.9309],[79.7144,10.9137],[79.6848,10.9283],[79.6686,10.9143],[79.6462,10.8744],[79.651,10.8564],[79.642,10.8571],[79.655,10.844],[79.6528,10.8246],[79.6312,10.8185],[79.6572,10.8058],[79.659,10.8174],[79.6866,10.8161],[79.6861,10.8297],[79.7276,10.8292],[79.7236,10.8076],[79.7317,10.8099],[79.7037,10.7834],[79.6982,10.7455],[79.6813,10.7287],[79.6872,10.7159],[79.6553,10.7129],[79.6522,10.7023],[79.6778,10.6804],[79.6667,10.6504],[79.6542,10.6573],[79.6494,10.6428],[79.6736,10.6244],[79.6556,10.6135],[79.6693,10.5852],[79.6872,10.5836],[79.6596,10.5592],[79.7103,10.5537],[79.7267,10.5361],[79.7003,10.5061],[79.6884,10.5104],[79.6994,10.4834],[79.6772,10.4807],[79.6902,10.4499],[79.6308,10.4455],[79.6274,10.3962],[79.6388,10.3423],[79.7218,10.287],[79.7088,10.2809],[79.7778,10.2725],[79.7735,10.291],[79.7487,10.3007],[79.7512,10.3147],[79.7834,10.2961],[79.7801,10.2725],[79.8139,10.2756],[79.8133,10.2887],[79.8168,10.2758],[79.8603,10.2824],[79.8804,10.3047],[79.8585,10.4723],[79.8533,10.6765],[79.841,10.6763],[79.8533,10.6794],[79.8525,10.8272],[79.8389,10.8277],[79.8352,10.8277],[79.8307,10.8294],[79.8298,10.8357],[79.8301,10.8373],[79.8303,10.8383],[79.8295,10.8424],[79.8281,10.8497],[79.8262,10.8481],[79.8245,10.8469],[79.824,10.8468],[79.8223,10.8457],[79.8206,10.846],[79.8193,10.8474],[79.8171,10.8495],[79.8167,10.8495],[79.8166,10.8496],[79.8156,10.85],[79.8152,10.85],[79.8138,10.85],[79.8138,10.85],[79.8125,10.851],[79.8118,10.8521],[79.8105,10.8526],[79.8101,10.8529],[79.8083,10.855],[79.8081,10.8563],[79.8082,10.8567],[79.8075,10.859],[79.8075,10.8596],[79.8073,10.86],[79.8085,10.8655],[79.8085,10.8656],[79.8091,10.8658],[79.8096,10.8649],[79.8096,10.8639],[79.8106,10.8623],[79.8109,10.8615],[79.8136,10.8606],[79.8172,10.8629],[79.8192,10.8636],[79.8198,10.8639],[79.8213,10.8641],[79.8242,10.8646],[79.8249,10.8648],[79.8246,10.8693],[79.8236,10.8694],[79.8233,10.87],[79.8227,10.8717],[79.8226,10.8725],[79.8226,10.873],[79.8221,10.8743],[79.8169,10.8743],[79.8168,10.8744],[79.8159,10.8749],[79.8148,10.8752],[79.8111,10.8756],[79.811,10.8791],[79.8111,10.8799],[79.8121,10.8802],[79.8128,10.8802],[79.8142,10.8804],[79.8164,10.8804],[79.817,10.8806],[79.8177,10.8805],[79.821,10.8814],[79.8221,10.881],[79.8228,10.8802],[79.8236,10.8808],[79.8245,10.8806],[79.8247,10.8804],[79.8248,10.8805],[79.8251,10.881],[79.8255,10.8814],[79.8274,10.8815],[79.8289,10.8829],[79.8288,10.8835],[79.8286,10.8838],[79.824,10.8842],[79.8233,10.8843],[79.8187,10.8864],[79.8176,10.8868],[79.8167,10.8868],[79.8138,10.8872],[79.8118,10.8883],[79.8114,10.8884],[79.8108,10.8883],[79.8079,10.8873],[79.8071,10.8875],[79.8061,10.8879],[79.8058,10.8892],[79.8055,10.8899],[79.8043,10.8911],[79.8037,10.8906],[79.8022,10.8906],[79.8011,10.8901],[79.8009,10.8893],[79.8008,10.8891],[79.8,10.8889],[79.7978,10.8879],[79.7973,10.8879],[79.7961,10.8879],[79.7947,10.8877],[79.7907,10.8948],[79.7901,10.8946],[79.7865,10.8892],[79.7856,10.8887],[79.7837,10.8885],[79.7832,10.8895],[79.7821,10.8904],[79.7823,10.8921],[79.7823,10.8942],[79.7878,10.8955],[79.7885,10.8957],[79.7913,10.896],[79.7919,10.8971],[79.7913,10.9041],[79.7926,10.904],[79.7771,10.9071],[79.7781,10.9063],[79.7741,10.8964],[79.7652,10.8963],[79.7672,10.8927],[79.7642,10.8927],[79.7645,10.8924],[79.7646,10.8923],[79.7643,10.892],[79.7639,10.892],[79.7635,10.892],[79.7626,10.8925],[79.76,10.8926],[79.7584,10.8927],[79.7579,10.8915],[79.7568,10.8931],[79.7559,10.8938],[79.7574,10.8955],[79.7573,10.8946],[79.7579,10.8955],[79.758,10.8958],[79.7588,10.8958],[79.7589,10.896],[79.7588,10.8962],[79.7587,10.8972],[79.7596,10.8967],[79.7599,10.8968],[79.76,10.897],[79.7609,10.898],[79.7615,10.8981],[79.7624,10.898],[79.7636,10.8997],[79.763,10.9005],[79.7623,10.9007],[79.762,10.9009],[79.7619,10.9015],[79.7614,10.9018],[79.7625,10.9004],[79.761,10.899],[79.7609,10.8993],[79.7616,10.8998],[79.7608,10.8997],[79.7603,10.9005],[79.7602,10.8996],[79.76,10.8989],[79.7598,10.8985],[79.7596,10.8983],[79.759,10.8983],[79.758,10.8984],[79.7576,10.8963],[79.757,10.8965],[79.7574,10.8978],[79.7579,10.9019],[79.7584,10.9017],[79.7587,10.9013],[79.7587,10.901],[79.7593,10.9009],[79.7595,10.9019],[79.7592,10.9033],[79.7591,10.9035],[79.7586,10.9045],[79.7582,10.905],[79.7577,10.9055],[79.7579,10.9086],[79.761,10.9124],[79.7617,10.9128],[79.763,10.9134],[79.7631,10.9134],[79.7624,10.9144],[79.7612,10.915],[79.7606,10.9153],[79.7569,10.9163],[79.7543,10.9161],[79.7538,10.914],[79.752,10.9142],[79.7495,10.9143],[79.7461,10.9145],[79.7451,10.9161],[79.745,10.9177],[79.7454,10.919],[79.7449,10.919],[79.744,10.9188],[79.7434,10.9176],[79.7421,10.9182],[79.7435,10.9224],[79.7431,10.925],[79.7418,10.925],[79.7398,10.9247],[79.7388,10.9235],[79.7387,10.9243],[79.7391,10.9249],[79.7384,10.9264],[79.7375,10.9258],[79.7356,10.9249],[79.736,10.9276],[79.7348,10.9276],[79.7345,10.928],[79.7332,10.9284],[79.7325,10.9278],[79.7312,10.9281],[79.731,10.9282],[79.7298,10.9276],[79.7303,10.9285],[79.7296,10.9283],[79.7291,10.9287],[79.7285,10.9287],[79.7272,10.9286],[79.7262,10.929],[79.7257,10.9292],[79.7247,10.9297]],[[79.81,10.8784],[79.807,10.8776],[79.806,10.8791],[79.8103,10.8795],[79.81,10.8784]]],[[[79.5135,11.0438],[79.5118,11.0275],[79.5301,11.0268],[79.5231,11.0088],[79.5473,11.0007],[79.5121,10.9882],[79.5159,10.9698],[79.5302,10.9691],[79.5285,10.9596],[79.5855,10.9832],[79.604,10.9718],[79.6042,10.9822],[79.6327,10.9809],[79.6434,11.0098],[79.671,11.0173],[79.7481,10.9965],[79.7468,11.0026],[79.7478,11.003],[79.7525,11.0032],[79.7531,11.0029],[79.7539,11.0025],[79.7542,11.0028],[79.7546,11.0035],[79.7565,11.0037],[79.7568,11.0032],[79.7568,11.0026],[79.7577,11.0024],[79.7589,11.0019],[79.7598,11.0005],[79.76,11.0001],[79.7601,10.999],[79.7607,10.9992],[79.7618,11.0012],[79.7625,11.0012],[79.7629,11.0007],[79.7641,10.9989],[79.7666,10.9979],[79.7689,10.9976],[79.7701,10.9972],[79.7725,10.998],[79.7756,10.9975],[79.7768,10.9976],[79.7782,10.9985],[79.7799,10.9986],[79.7791,10.9973],[79.7789,10.9969],[79.7813,10.9961],[79.783,10.9951],[79.7841,10.995],[79.7841,10.9954],[79.7836,10.9967],[79.7851,10.9973],[79.7865,10.9972],[79.787,10.9964],[79.7885,10.9933],[79.7891,10.9919],[79.7882,10.9908],[79.7873,10.9906],[79.7864,10.9908],[79.7861,10.9903],[79.7861,10.99],[79.787,10.9891],[79.7886,10.9881],[79.7887,10.9872],[79.7899,10.987],[79.7913,10.9858],[79.7916,10.9847],[79.7943,10.983],[79.7962,10.9829],[79.7966,10.9828],[79.7989,10.9829],[79.799,10.9853],[79.7991,10.9859],[79.7992,10.9861],[79.7999,10.9866],[79.8009,10.9869],[79.8014,10.9874],[79.803,10.9884],[79.8036,10.9876],[79.8039,10.9869],[79.8041,10.9873],[79.8037,10.9891],[79.8039,10.9901],[79.8046,10.9906],[79.8046,10.9912],[79.804,10.9916],[79.8038,10.9921],[79.804,10.9922],[79.8051,10.9928],[79.8057,10.9919],[79.8062,10.9926],[79.8061,10.9933],[79.8049,10.9941],[79.8035,10.9948],[79.8031,10.9955],[79.805,10.9984],[79.8081,10.9999],[79.81,10.9997],[79.8125,10.9991],[79.8138,10.9995],[79.814,10.9997],[79.8149,11.0015],[79.8149,11.0031],[79.8152,11.0036],[79.8155,11.0039],[79.8159,11.0038],[79.8162,11.0038],[79.8179,11.0015],[79.8181,11.0011],[79.8207,10.9982],[79.8214,10.9982],[79.8217,10.9989],[79.8224,11.0007],[79.8283,10.9985],[79.8283,10.9999],[79.8288,11.0015],[79.8304,11.0023],[79.8307,11.0024],[79.832,11.0028],[79.8364,11.0019],[79.8383,11.0015],[79.8401,11.0016],[79.84,10.9984],[79.8397,10.9972],[79.8425,10.9956],[79.8428,10.995],[79.843,10.9948],[79.8433,10.9947],[79.8435,10.9947],[79.8451,10.9949],[79.8468,10.9953],[79.8478,10.9945],[79.8486,10.9944],[79.8513,10.9943],[79.8513,10.9942],[79.8518,10.9931],[79.8519,10.9925],[79.8518,10.9924],[79.8516,10.9919],[79.8507,10.9902],[79.8508,10.989],[79.8509,10.9888],[79.8509,10.9886],[79.8507,10.9877],[79.851,10.9867],[79.8519,10.9841],[79.8519,10.9838],[79.8584,11.1293],[79.8345,11.3153],[79.8426,11.3507],[79.8129,11.4227],[79.8034,11.3811],[79.7916,11.3724],[79.7644,11.382],[79.7593,11.3526],[79.7245,11.3458],[79.6503,11.2993],[79.647,11.2493],[79.6164,11.2555],[79.6026,11.2214],[79.5267,11.1837],[79.5395,11.1626],[79.5728,11.148],[79.5361,11.1014],[79.5411,11.1009],[79.5469,11.0746],[79.5135,11.0438]]]]}},{"type":"Feature","properties":{"district":"Namakkal"},"geometry":{"type":"Polygon","coordinates":[[[78.4862,11.4074],[78.427,11.3849],[78.458,11.4388],[78.4454,11.4397],[78.4259,11.4709],[78.4329,11.4954],[78.4618,11.4949],[78.4734,11.52],[78.4543,11.5423],[78.4516,11.5971],[78.3859,11.5865],[78.3829,11.5752],[78.3745,11.5885],[78.3285,11.5313],[78.3101,11.5412],[78.3295,11.5585],[78.3073,11.5646],[78.3193,11.5785],[78.3032,11.5888],[78.2719,11.5787],[78.2643,11.567],[78.2771,11.5658],[78.2662,11.5598],[78.2436,11.5527],[78.2074,11.5645],[78.1606,11.5388],[78.0831,11.5541],[78.0789,11.524],[78.054,11.5134],[78.0347,11.5286],[77.9797,11.5303],[77.979,11.5305],[77.9719,11.4682],[77.9485,11.474],[77.9241,11.4515],[77.9157,11.4587],[77.9109,11.4222],[77.8801,11.4235],[77.8767,11.4136],[77.8646,11.4237],[77.8525,11.4151],[77.8499,11.4346],[77.82,11.4461],[77.8345,11.457],[77.8298,11.4699],[77.8082,11.4688],[77.8143,11.4576],[77.7962,11.4473],[77.7727,11.4828],[77.761,11.451],[77.7421,11.4458],[77.7087,11.4492],[77.712,11.4638],[77.6966,11.4644],[77.6844,11.4177],[77.7508,11.3542],[77.8077,11.2676],[77.8642,11.2433],[77.8615,11.1857],[77.8843,11.1559],[77.8877,11.0874],[77.9331,11.0702],[77.9519,11.0667],[77.9951,11.0969],[78.0548,11.074],[78.1017,11.0755],[78.1649,11.0132],[78.1988,11.029],[78.1966,11.046],[78.1625,11.0468],[78.1833,11.0696],[78.1958,11.0646],[78.2032,11.0751],[78.229,11.0546],[78.2299,11.0948],[78.25,11.0916],[78.2655,11.0703],[78.2909,11.0772],[78.3239,11.0579],[78.3284,11.0331],[78.3446,11.0262],[78.3634,11.0651],[78.324,11.0972],[78.3434,11.1122],[78.3461,11.138],[78.3806,11.1374],[78.3812,11.187],[78.4219,11.2117],[78.4654,11.3133],[78.4469,11.3448],[78.4596,11.3426],[78.4618,11.3703],[78.4862,11.4074]]]}},{"type":"Feature","properties":{"district":"Perambalur"},"geometry":{"type":"Polygon","coordinates":[[[78.8776,11.5075],[78.843,11.523],[78.8339,11.5066],[78.8103,11.5079],[78.8097,11.4819],[78.7984,11.4819],[78.7904,11.4572],[78.8228,11.4271],[78.7988,11.3842],[78.7413,11.4496],[78.7032,11.457],[78.6884,11.4355],[78.6513,11.4224],[78.6632,11.3738],[78.6901,11.3802],[78.6364,11.3315],[78.6563,11.3338],[78.6659,11.3173],[78.6784,11.3275],[78.7331,11.3234],[78.7512,11.2848],[78.7101,11.249],[78.7027,11.2287],[78.7126,11.2127],[78.6988,11.1911],[78.6759,11.1953],[78.6512,11.1683],[78.6758,11.1616],[78.7105,11.0564],[78.7202,11.074],[78.7427,11.0755],[78.7353,11.1056],[78.7597,11.1216],[78.8109,11.1117],[78.8073,11.0789],[78.84,11.0764],[78.8475,11.0902],[78.8725,11.0842],[78.8865,11.1017],[78.9264,11.0894],[78.974,11.0943],[79.0064,11.0589],[79.0323,11.0839],[79.0544,11.085],[79.0694,11.1089],[79.0551,11.1299],[79.0784,11.1808],[79.0659,11.2044],[79.0934,11.1998],[79.0989,11.2307],[79.1222,11.2487],[79.111,11.289],[79.1301,11.2976],[79.1393,11.29],[79.1409,11.3093],[79.125,11.3108],[79.13,11.331],[79.1575,11.3384],[79.1508,11.3634],[79.1681,11.3784],[79.1059,11.4017],[79.0324,11.3936],[78.997,11.4076],[78.9621,11.4055],[78.8776,11.5075]]]}},{"type":"Feature","properties":{"district":"Pudukkottai"},"geometry":{"type":"MultiPolygon","coordinates":[[[[78.5785,10.7031],[78.5586,10.7033],[78.5698,10.6845],[78.5785,10.7031]]],[[[78.8735,10.7056],[78.8721,10.6881],[78.8204,10.6946],[78.8127,10.6724],[78.7997,10.6799],[78.7907,10.6498],[78.7653,10.6551],[78.7488,10.642],[78.7358,10.6717],[78.7428,10.7074],[78.6892,10.7346],[78.6976,10.7023],[78.6829,10.6711],[78.6658,10.6715],[78.6652,10.6548],[78.6525,10.6586],[78.6585,10.7047],[78.6352,10.7074],[78.6213,10.6758],[78.6092,10.6811],[78.5931,10.659],[78.5656,10.6606],[78.5684,10.6813],[78.5508,10.6864],[78.5178,10.6698],[78.527,10.6291],[78.4825,10.6384],[78.4468,10.6085],[78.4661,10.5783],[78.4639,10.5408],[78.4862,10.5388],[78.4913,10.5268],[78.4961,10.4851],[78.5274,10.4863],[78.5409,10.505],[78.5365,10.5306],[78.55,10.5141],[78.5818,10.5219],[78.5708,10.4891],[78.5894,10.4745],[78.5851,10.4409],[78.5651,10.443],[78.5625,10.4268],[78.5231,10.4366],[78.5165,10.4078],[78.5303,10.3905],[78.5139,10.3715],[78.5056,10.3759],[78.4977,10.3521],[78.5214,10.3263],[78.5145,10.2676],[78.4529,10.2672],[78.4478,10.2454],[78.4646,10.2404],[78.4856,10.2524],[78.4695,10.2043],[78.4846,10.1923],[78.5162,10.1905],[78.5189,10.2366],[78.5385,10.2577],[78.5706,10.2568],[78.5779,10.2872],[78.6517,10.2543],[78.6414,10.241],[78.6732,10.2047],[78.6642,10.179],[78.6772,10.1474],[78.6911,10.1475],[78.7085,10.1756],[78.7373,10.1586],[78.7672,10.1634],[78.7689,10.1991],[78.8099,10.213],[78.8232,10.1981],[78.8136,10.1666],[78.8479,10.1261],[78.9001,10.1567],[78.9281,10.1208],[78.9286,10.1201],[78.9481,10.1055],[78.9667,10.1276],[78.987,10.0894],[78.977,10.0812],[78.963,10.0948],[78.9498,10.0895],[78.9342,10.0719],[78.9437,10.0556],[78.9236,10.0427],[78.9302,10.0218],[78.9649,10.0075],[78.9725,9.9922],[79.01,9.9899],[78.9911,9.944],[79.0452,9.8592],[79.1067,9.8508],[79.1225,9.86],[79.113,9.8602],[79.1216,9.8801],[79.1113,9.8928],[79.124,9.8836],[79.1255,9.9037],[79.1315,9.8971],[79.147,9.9114],[79.1389,9.9209],[79.1505,9.9196],[79.2149,10.0001],[79.2661,10.0392],[79.2393,10.0578],[79.2481,10.0709],[79.2232,10.0812],[79.2314,10.083],[79.2191,10.1093],[79.2294,10.1075],[79.226,10.1371],[79.2065,10.1368],[79.1963,10.1609],[79.1515,10.1594],[79.1615,10.1799],[79.1502,10.1939],[79.1737,10.2034],[79.1825,10.1933],[79.1838,10.2136],[79.1506,10.2162],[79.1442,10.2363],[79.116,10.2339],[79.1326,10.2651],[79.1216,10.3057],[79.1349,10.319],[79.1144,10.3282],[79.153,10.3501],[79.1442,10.3829],[79.1527,10.4007],[79.1258,10.4379],[79.1404,10.4495],[79.1761,10.448],[79.1665,10.4554],[79.1947,10.4659],[79.1709,10.4817],[79.1518,10.4758],[79.1288,10.4954],[79.1549,10.5218],[79.1517,10.5325],[79.1846,10.5377],[79.1908,10.5782],[79.1788,10.5713],[79.1774,10.5869],[79.1428,10.5864],[79.1276,10.6362],[79.1043,10.6152],[79.1008,10.6296],[79.07,10.6407],[79.0689,10.6774],[79.0167,10.6801],[79.0292,10.704],[79.0035,10.7223],[78.9935,10.7217],[78.9871,10.6792],[78.9697,10.6754],[78.9637,10.6514],[78.9376,10.6751],[78.9447,10.6807],[78.9082,10.6717],[78.8735,10.7056]]]]}},{"type":"Feature","properties":{"district":"Ramanathapuram"},"geometry":{"type":"MultiPolygon","coordinates":[[[[78.9373,9.1825],[78.9434,9.1877],[78.8973,9.1797],[78.9373,9.1825]]],[[[79.0771,9.2022],[79.0689,9.2105],[79.0568,9.198],[79.091,9.1959],[79.0771,9.2022]]],[[[79.2005,9.2507],[79.1804,9.2496],[79.1793,9.2382],[79.1993,9.2302],[79.2236,9.2472],[79.2023,9.2415],[79.2177,9.2504],[79.2005,9.2507]]],[[[79.1067,9.8508],[79.0452,9.8592],[78.9911,9.944],[78.9639,9.9429],[78.9629,9.9239],[78.944,9.9168],[78.9355,9.934],[78.916,9.9271],[78.8932,9.9115],[78.9016,9.8944],[78.8921,9.879],[78.874,9.8834],[78.874,9.8247],[78.8641,9.8116],[78.8665,9.7893],[78.8875,9.7864],[78.8933,9.7729],[78.8823,9.7446],[78.8553,9.7653],[78.8511,9.747],[78.8231,9.7498],[78.8263,9.7318],[78.8153,9.7316],[78.8054,9.7595],[78.8217,9.7609],[78.8283,9.7929],[78.8146,9.7798],[78.796,9.7949],[78.8001,9.7839],[78.7804,9.7604],[78.7822,9.7954],[78.7374,9.7805],[78.7449,9.7076],[78.7781,9.7196],[78.7943,9.7056],[78.7878,9.6341],[78.8266,9.6179],[78.8213,9.5997],[78.7467,9.5853],[78.6844,9.6056],[78.6789,9.5939],[78.6938,9.5768],[78.6542,9.5432],[78.6556,9.5201],[78.6168,9.5362],[78.6168,9.5581],[78.5871,9.5723],[78.5201,9.5789],[78.4943,9.5998],[78.503,9.6109],[78.4771,9.6132],[78.4615,9.6364],[78.4549,9.6161],[78.4295,9.6088],[78.4122,9.588],[78.3978,9.5952],[78.3939,9.5814],[78.3684,9.5705],[78.3724,9.5432],[78.3874,9.5361],[78.3757,9.508],[78.3473,9.5114],[78.3285,9.4952],[78.3301,9.4728],[78.3519,9.461],[78.311,9.4679],[78.2994,9.4615],[78.3012,9.4422],[78.2186,9.4474],[78.2225,9.4101],[78.2432,9.4067],[78.243,9.3811],[78.2552,9.3736],[78.2632,9.3866],[78.3042,9.3843],[78.3105,9.3452],[78.2954,9.3426],[78.2978,9.326],[78.3244,9.3324],[78.3331,9.3541],[78.3627,9.3492],[78.3609,9.3251],[78.3293,9.2758],[78.281,9.2842],[78.2694,9.2021],[78.2961,9.2051],[78.2739,9.1415],[78.3564,9.1181],[78.3568,9.0986],[78.3849,9.0947],[78.4675,9.128],[78.5369,9.1385],[78.5782,9.131],[78.6571,9.1577],[78.6422,9.1747],[78.6638,9.1936],[78.7173,9.1895],[78.7326,9.2119],[78.8611,9.2554],[78.8957,9.2515],[78.9648,9.2742],[79.0807,9.2612],[79.2092,9.2824],[79.2198,9.2573],[79.2574,9.2592],[79.3096,9.2421],[79.4355,9.1578],[79.4164,9.1871],[79.324,9.2636],[79.3147,9.2812],[79.335,9.3093],[79.3293,9.3201],[79.3099,9.3276],[79.2659,9.2927],[79.2112,9.2833],[79.0711,9.295],[78.9805,9.3612],[78.903,9.4625],[78.8984,9.4901],[78.9152,9.499],[78.9336,9.6062],[78.9598,9.6309],[79.0132,9.7448],[79.0159,9.7323],[79.0299,9.7615],[79.0591,9.773],[79.0939,9.8294],[79.085,9.8347],[79.0942,9.83],[79.1067,9.8508]]]]}},{"type":"Feature","properties":{"district":"Ranipet"},"geometry":{"type":"Polygon","coordinates":[[[79.7899,13.0246],[79.7916,13.0537],[79.7759,13.0628],[79.7621,13.0518],[79.7372,13.061],[79.7186,13.0537],[79.7258,13.068],[79.7381,13.0655],[79.7363,13.0951],[79.7015,13.0994],[79.7022,13.1108],[79.7189,13.1049],[79.7361,13.1179],[79.7365,13.1669],[79.6949,13.159],[79.7008,13.1916],[79.6701,13.1832],[79.6612,13.2104],[79.6301,13.1729],[79.6346,13.1476],[79.5892,13.1475],[79.5944,13.122],[79.5709,13.1219],[79.5685,13.1375],[79.4827,13.1399],[79.4753,13.1077],[79.4509,13.0932],[79.4437,13.114],[79.429,13.1165],[79.4535,13.1265],[79.4386,13.1251],[79.4188,13.15],[79.4016,13.1042],[79.4203,13.1038],[79.4168,13.0846],[79.3349,13.0606],[79.2934,13.1014],[79.2725,13.087],[79.2945,13.0472],[79.266,12.9874],[79.2679,12.9401],[79.2233,12.9564],[79.1881,12.926],[79.1913,12.9081],[79.2109,12.8952],[79.1926,12.8883],[79.1782,12.82],[79.2087,12.7847],[79.2523,12.8081],[79.2556,12.8227],[79.262,12.7941],[79.2878,12.7791],[79.2895,12.7529],[79.3434,12.7315],[79.3451,12.6949],[79.3577,12.6968],[79.3556,12.7189],[79.3669,12.7142],[79.3798,12.7335],[79.3955,12.7294],[79.3801,12.7078],[79.3949,12.6898],[79.3534,12.6682],[79.3624,12.6518],[79.3518,12.6464],[79.3829,12.6283],[79.4099,12.6561],[79.451,12.6712],[79.455,12.6991],[79.4655,12.7005],[79.4753,12.7314],[79.4534,12.7403],[79.4675,12.7567],[79.4623,12.7985],[79.4771,12.8071],[79.4574,12.8105],[79.457,12.8442],[79.4729,12.8513],[79.4726,12.8743],[79.5006,12.872],[79.5086,12.8572],[79.5392,12.8629],[79.5596,12.8536],[79.557,12.8849],[79.5683,12.8996],[79.6631,12.9304],[79.6589,12.9506],[79.7899,13.0246]]]}},{"type":"Feature","properties":{"district":"Salem"},"geometry":{"type":"Polygon","coordinates":[[[78.6268,11.8692],[78.5958,11.8228],[78.5394,11.8066],[78.4554,11.8264],[78.4351,11.8547],[78.4415,11.8683],[78.4144,11.8801],[78.3806,11.8257],[78.3283,11.776],[78.3129,11.7827],[78.3456,11.8242],[78.3676,11.8806],[78.3531,11.8942],[78.3589,11.9117],[78.3091,11.8812],[78.3264,11.8996],[78.3244,11.9301],[78.2801,11.8996],[78.269,11.9003],[78.2908,11.9321],[78.2579,11.9124],[78.2728,11.9379],[78.257,11.9402],[78.2358,11.918],[78.2533,11.9511],[78.2349,11.9793],[78.1449,11.9683],[78.0737,11.9376],[78.039,11.9363],[77.9703,11.8956],[77.9051,11.9003],[77.8671,11.9157],[77.8477,11.8943],[77.7627,11.9099],[77.7367,11.9406],[77.6757,11.952],[77.538,11.9324],[77.4948,11.9438],[77.4862,11.8874],[77.4616,11.9],[77.4666,11.8471],[77.4272,11.7609],[77.4154,11.7396],[77.4432,11.7166],[77.4397,11.6737],[77.454,11.6661],[77.4376,11.645],[77.4586,11.6066],[77.4447,11.5614],[77.4856,11.5498],[77.5163,11.5793],[77.5128,11.5919],[77.5287,11.5863],[77.5643,11.6609],[77.5767,11.6525],[77.5784,11.6853],[77.6107,11.6522],[77.6184,11.6762],[77.6343,11.664],[77.7098,11.7976],[77.7222,11.7951],[77.691,11.7185],[77.6955,11.6396],[77.7456,11.6546],[77.7765,11.6957],[77.7359,11.6013],[77.7462,11.5706],[77.7241,11.5367],[77.7324,11.5117],[77.6966,11.4644],[77.712,11.4638],[77.7087,11.4492],[77.7421,11.4458],[77.761,11.451],[77.7727,11.4828],[77.7962,11.4473],[77.8143,11.4576],[77.8082,11.4688],[77.8298,11.4699],[77.8345,11.457],[77.82,11.4461],[77.8499,11.4346],[77.8525,11.4151],[77.8646,11.4237],[77.8767,11.4136],[77.8801,11.4235],[77.9109,11.4222],[77.9157,11.4587],[77.9241,11.4515],[77.9485,11.474],[77.9719,11.4682],[77.979,11.5305],[77.9797,11.5303],[78.0347,11.5286],[78.054,11.5134],[78.0789,11.524],[78.0831,11.5541],[78.1606,11.5388],[78.2074,11.5645],[78.2436,11.5527],[78.2662,11.5598],[78.2771,11.5658],[78.2643,11.567],[78.2719,11.5787],[78.3032,11.5888],[78.3193,11.5785],[78.3073,11.5646],[78.3295,11.5585],[78.3101,11.5412],[78.3285,11.5313],[78.3745,11.5885],[78.3829,11.5752],[78.3859,11.5865],[78.4516,11.5971],[78.4543,11.5423],[78.4734,11.52],[78.4618,11.4949],[78.4329,11.4954],[78.4259,11.4709],[78.4454,11.4397],[78.458,11.4388],[78.427,11.3849],[78.4862,11.4074],[78.5082,11.3905],[78.5062,11.3833],[78.5534,11.3587],[78.5529,11.3201],[78.5716,11.3152],[78.6045,11.3388],[78.6413,11.3421],[78.6632,11.3738],[78.6513,11.4224],[78.6884,11.4355],[78.7032,11.457],[78.7413,11.4496],[78.7988,11.3842],[78.8228,11.4271],[78.7904,11.4572],[78.7984,11.4819],[78.8097,11.4819],[78.8103,11.5079],[78.8339,11.5066],[78.843,11.523],[78.8347,11.54],[78.8147,11.5447],[78.8293,11.5782],[78.7753,11.606],[78.7898,11.6289],[78.7863,11.6413],[78.7736,11.6366],[78.8065,11.6613],[78.8046,11.6882],[78.7806,11.7033],[78.7179,11.6832],[78.6932,11.6893],[78.6779,11.6718],[78.6801,11.6436],[78.6459,11.6604],[78.6527,11.7153],[78.6379,11.7212],[78.6432,11.7683],[78.6653,11.7967],[78.6922,11.8039],[78.6952,11.8512],[78.6268,11.8692]],[[77.5321,11.8485],[77.5447,11.8371],[77.5419,11.8015],[77.5735,11.8012],[77.5719,11.7855],[77.6171,11.7857],[77.6354,11.7539],[77.6315,11.7292],[77.6134,11.7663],[77.5907,11.7733],[77.5852,11.758],[77.596,11.7498],[77.5716,11.7114],[77.5571,11.7665],[77.5388,11.7393],[77.5098,11.7533],[77.472,11.7181],[77.4574,11.678],[77.45,11.6969],[77.4646,11.7422],[77.4804,11.7392],[77.5307,11.7784],[77.5321,11.8485]]]}},{"type":"Feature","properties":{"district":"Sivaganga"},"geometry":{"type":"Polygon","coordinates":[[[78.5056,10.3759],[78.5077,10.389],[78.4475,10.409],[78.4386,10.3837],[78.4489,10.3749],[78.3922,10.3543],[78.4043,10.3436],[78.3787,10.3101],[78.3906,10.3022],[78.3813,10.2939],[78.3867,10.2703],[78.4242,10.2707],[78.4251,10.2586],[78.3928,10.2437],[78.4091,10.2065],[78.4083,10.2052],[78.3946,10.1741],[78.413,10.1607],[78.4017,10.1386],[78.4253,10.1333],[78.4259,10.122],[78.4327,10.1351],[78.4516,10.119],[78.4736,10.1219],[78.4564,10.0992],[78.4619,10.0716],[78.4277,10.053],[78.4307,10.036],[78.4561,10.0181],[78.4477,9.9862],[78.4566,9.9685],[78.3889,9.9522],[78.372,9.9623],[78.3703,9.9346],[78.3453,9.94],[78.3171,9.9262],[78.3096,9.8653],[78.2503,9.8737],[78.267,9.8562],[78.2584,9.8342],[78.2392,9.8453],[78.2487,9.8602],[78.2087,9.8755],[78.1513,9.8747],[78.1508,9.8522],[78.125,9.8546],[78.1278,9.8141],[78.1691,9.8309],[78.1934,9.8066],[78.1754,9.7721],[78.1599,9.7746],[78.1723,9.797],[78.1409,9.8092],[78.137,9.7617],[78.1433,9.7429],[78.163,9.7575],[78.1722,9.7481],[78.1733,9.7602],[78.2043,9.7636],[78.2102,9.7825],[78.2769,9.7406],[78.2795,9.6836],[78.2801,9.6833],[78.3019,9.6783],[78.2955,9.6935],[78.312,9.7188],[78.3121,9.7191],[78.3248,9.7427],[78.321,9.7072],[78.3428,9.6809],[78.3393,9.6581],[78.3497,9.666],[78.3561,9.6515],[78.3885,9.6536],[78.3999,9.612],[78.409,9.6196],[78.4295,9.6088],[78.4549,9.6161],[78.4615,9.6364],[78.4771,9.6132],[78.503,9.6109],[78.4943,9.5998],[78.5201,9.5789],[78.5871,9.5723],[78.6168,9.5581],[78.6168,9.5362],[78.6556,9.5201],[78.6542,9.5432],[78.6938,9.5768],[78.6789,9.5939],[78.6844,9.6056],[78.7467,9.5853],[78.8213,9.5997],[78.8266,9.6179],[78.7878,9.6341],[78.7943,9.7056],[78.7781,9.7196],[78.7449,9.7076],[78.7374,9.7805],[78.7822,9.7954],[78.7804,9.7604],[78.8001,9.7839],[78.796,9.7949],[78.8146,9.7798],[78.8283,9.7929],[78.8217,9.7609],[78.8054,9.7595],[78.8153,9.7316],[78.8263,9.7318],[78.8231,9.7498],[78.8511,9.747],[78.8553,9.7653],[78.8823,9.7446],[78.8933,9.7729],[78.8875,9.7864],[78.8665,9.7893],[78.8641,9.8116],[78.874,9.8247],[78.874,9.8834],[78.8921,9.879],[78.9016,9.8944],[78.8932,9.9115],[78.916,9.9271],[78.9355,9.934],[78.944,9.9168],[78.9629,9.9239],[78.9639,9.9429],[78.9911,9.944],[79.01,9.9899],[78.9725,9.9922],[78.9649,10.0075],[78.9302,10.0218],[78.9236,10.0427],[78.9437,10.0556],[78.9342,10.0719],[78.9498,10.0895],[78.963,10.0948],[78.977,10.0812],[78.987,10.0894],[78.9667,10.1276],[78.9481,10.1055],[78.9286,10.1201],[78.9281,10.1208],[78.9001,10.1567],[78.8479,10.1261],[78.8136,10.1666],[78.8232,10.1981],[78.8099,10.213],[78.7689,10.1991],[78.7672,10.1634],[78.7373,10.1586],[78.7085,10.1756],[78.6911,10.1475],[78.6772,10.1474],[78.6642,10.179],[78.6732,10.2047],[78.6414,10.241],[78.6517,10.2543],[78.5779,10.2872],[78.5706,10.2568],[78.5385,10.2577],[78.5189,10.2366],[78.5162,10.1905],[78.4846,10.1923],[78.4695,10.2043],[78.4856,10.2524],[78.4646,10.2404],[78.4478,10.2454],[78.4529,10.2672],[78.5145,10.2676],[78.5214,10.3263],[78.4977,10.3521],[78.5056,10.3759]]]}},{"type":"Feature","properties":{"district":"Theni"},"geometry":{"type":"Polygon","coordinates":[[[77.7126,10.0259],[77.7025,10.1027],[77.6686,10.1224],[77.6764,10.1446],[77.7295,10.1314],[77.7293,10.1591],[77.7013,10.1952],[77.7065,10.2159],[77.6932,10.1969],[77.6652,10.1888],[77.6233,10.2187],[77.5697,10.1813],[77.5668,10.1954],[77.5481,10.2025],[77.5481,10.2022],[77.5462,10.1828],[77.4826,10.1539],[77.4656,10.1288],[77.4276,10.1361],[77.3954,10.1628],[77.3721,10.1393],[77.3607,10.1511],[77.3415,10.136],[77.3293,10.1427],[77.3237,10.1276],[77.3025,10.136],[77.283,10.1178],[77.2666,10.1217],[77.2334,10.1264],[77.232,10.1253],[77.2324,10.1247],[77.2325,10.1245],[77.2098,10.1183],[77.2083,10.1178],[77.2077,10.1157],[77.2077,10.1153],[77.2033,10.0888],[77.2258,10.0685],[77.2259,10.0684],[77.2327,10.0635],[77.2329,10.0631],[77.2508,10.0422],[77.2519,10.0411],[77.2534,10.0393],[77.2543,10.0374],[77.2582,10.0347],[77.2589,10.0341],[77.2532,10.0128],[77.2661,10.0019],[77.2724,9.9627],[77.2465,9.9514],[77.2122,9.8776],[77.2363,9.8596],[77.2218,9.8225],[77.2412,9.8156],[77.2467,9.7979],[77.2227,9.7878],[77.2324,9.7686],[77.2239,9.7304],[77.2036,9.7221],[77.2067,9.6947],[77.1659,9.6129],[77.209,9.6134],[77.2343,9.5815],[77.2694,9.5728],[77.3178,9.6025],[77.3395,9.5733],[77.3546,9.6041],[77.3661,9.596],[77.355,9.5867],[77.355,9.5866],[77.3597,9.5795],[77.36,9.5785],[77.3503,9.5671],[77.3656,9.535],[77.3852,9.5192],[77.4025,9.5251],[77.4279,9.5465],[77.4731,9.5485],[77.4754,9.5631],[77.4643,9.5798],[77.5063,9.6385],[77.5036,9.6502],[77.5353,9.675],[77.5663,9.7478],[77.6121,9.7991],[77.6256,9.835],[77.62,9.8622],[77.6541,9.9186],[77.6686,9.9143],[77.679,9.9328],[77.6732,9.9618],[77.6919,9.9681],[77.6979,10.0173],[77.7126,10.0259]]]}},{"type":"Feature","properties":{"district":"Tenkasi"},"geometry":{"type":"Polygon","coordinates":[[[77.3394,9.4201],[77.3373,9.365],[77.3253,9.3371],[77.3,9.3367],[77.282,9.2728],[77.2817,9.2166],[77.2514,9.1886],[77.2641,9.1837],[77.2671,9.1533],[77.2124,9.1005],[77.2081,9.0729],[77.1975,9.047],[77.1675,9.0453],[77.1466,9.0218],[77.1963,8.9546],[77.1928,8.9262],[77.218,8.9186],[77.2182,8.9187],[77.2377,8.8857],[77.2561,8.8788],[77.3865,8.8714],[77.3844,8.8483],[77.415,8.8256],[77.4204,8.7872],[77.4501,8.7639],[77.4615,8.7729],[77.4628,8.8139],[77.5064,8.7951],[77.511,8.8088],[77.5201,8.7818],[77.5694,8.7897],[77.5943,8.8681],[77.5638,8.8779],[77.5708,8.9052],[77.5609,8.9101],[77.5929,8.9107],[77.5932,8.9447],[77.6183,8.9341],[77.6217,8.9492],[77.6547,8.9565],[77.6569,8.9343],[77.6848,8.919],[77.6961,8.9263],[77.676,8.9893],[77.6906,8.9939],[77.703,8.9689],[77.7199,8.9666],[77.7268,8.9967],[77.6891,8.9997],[77.6883,9.0147],[77.7136,9.0456],[77.7042,9.0734],[77.7449,9.0799],[77.74,9.1068],[77.6799,9.1058],[77.6741,9.1381],[77.6965,9.1339],[77.6901,9.1589],[77.7046,9.1656],[77.7058,9.1884],[77.7345,9.1963],[77.7416,9.2645],[77.7392,9.2805],[77.7121,9.2914],[77.6557,9.2834],[77.5856,9.3086],[77.5896,9.3476],[77.573,9.343],[77.5749,9.3541],[77.5331,9.3761],[77.5191,9.3567],[77.5221,9.335],[77.4747,9.3407],[77.4648,9.3291],[77.468,9.3467],[77.4414,9.3543],[77.4385,9.3681],[77.4505,9.3699],[77.434,9.3909],[77.4197,9.3993],[77.3891,9.3922],[77.3394,9.4201]]]}},{"type":"Feature","properties":{"district":"Thanjavur"},"geometry":{"type":"Polygon","coordinates":[[[79.5361,11.1014],[79.5728,11.148],[79.5395,11.1626],[79.5267,11.1837],[79.4587,11.1506],[79.3989,11.0669],[79.291,11.0144],[79.2222,10.9465],[79.0842,10.9267],[79.048,10.8878],[79.0057,10.8936],[78.9602,10.8946],[78.9234,10.8661],[78.7765,10.8331],[78.8688,10.8256],[78.8605,10.8032],[78.881,10.7775],[78.8645,10.7328],[78.8735,10.7056],[78.9082,10.6717],[78.9447,10.6807],[78.9376,10.6751],[78.9637,10.6514],[78.9697,10.6754],[78.9871,10.6792],[78.9935,10.7217],[79.0035,10.7223],[79.0292,10.704],[79.0167,10.6801],[79.0689,10.6774],[79.07,10.6407],[79.1008,10.6296],[79.1043,10.6152],[79.1276,10.6362],[79.1428,10.5864],[79.1774,10.5869],[79.1788,10.5713],[79.1908,10.5782],[79.1846,10.5377],[79.1517,10.5325],[79.1549,10.5218],[79.1288,10.4954],[79.1518,10.4758],[79.1709,10.4817],[79.1947,10.4659],[79.1665,10.4554],[79.1761,10.448],[79.1404,10.4495],[79.1258,10.4379],[79.1527,10.4007],[79.1442,10.3829],[79.153,10.3501],[79.1144,10.3282],[79.1349,10.319],[79.1216,10.3057],[79.1326,10.2651],[79.116,10.2339],[79.1442,10.2363],[79.1506,10.2162],[79.1838,10.2136],[79.1825,10.1933],[79.1737,10.2034],[79.1502,10.1939],[79.1615,10.1799],[79.1515,10.1594],[79.1963,10.1609],[79.2065,10.1368],[79.226,10.1371],[79.2415,10.1849],[79.2787,10.2155],[79.2701,10.2358],[79.3293,10.2844],[79.3603,10.2912],[79.3881,10.3175],[79.4988,10.3148],[79.5048,10.3663],[79.4857,10.3806],[79.4676,10.3731],[79.4614,10.3926],[79.476,10.4001],[79.4511,10.4297],[79.473,10.4353],[79.4697,10.4618],[79.4831,10.4896],[79.4554,10.4886],[79.4692,10.5114],[79.4232,10.5354],[79.4525,10.5595],[79.405,10.5521],[79.3966,10.5802],[79.3519,10.5831],[79.3574,10.6459],[79.3179,10.6608],[79.3016,10.7395],[79.3415,10.7395],[79.3611,10.7522],[79.3614,10.7651],[79.3454,10.7662],[79.3485,10.7957],[79.3766,10.804],[79.3264,10.8104],[79.2894,10.833],[79.2953,10.8642],[79.2736,10.8729],[79.2682,10.9053],[79.2957,10.9035],[79.2754,10.9231],[79.2919,10.938],[79.4562,10.8638],[79.4857,10.8692],[79.4883,10.8894],[79.5078,10.8988],[79.4843,10.9209],[79.5189,10.9466],[79.5159,10.9698],[79.5121,10.9882],[79.5473,11.0007],[79.5231,11.0088],[79.5301,11.0268],[79.5118,11.0275],[79.5135,11.0438],[79.5469,11.0746],[79.5411,11.1009],[79.5361,11.1014]]]}},{"type":"Feature","properties":{"district":"Tiruvarur"},"geometry":{"type":"MultiPolygon","coordinates":[[[[79.7689,10.901],[79.7676,10.9013],[79.7669,10.9002],[79.7694,10.9],[79.7689,10.901]]],[[[79.766,10.9053],[79.7651,10.9089],[79.7649,10.9113],[79.7637,10.9095],[79.7625,10.9062],[79.7633,10.9052],[79.7637,10.9051],[79.7651,10.9046],[79.7636,10.9026],[79.7652,10.9035],[79.7653,10.9022],[79.764,10.9015],[79.7664,10.9034],[79.766,10.9053]]],[[[79.7481,10.9965],[79.671,11.0173],[79.6434,11.0098],[79.6327,10.9809],[79.6042,10.9822],[79.604,10.9718],[79.5855,10.9832],[79.5285,10.9596],[79.5302,10.9691],[79.5159,10.9698],[79.5189,10.9466],[79.4843,10.9209],[79.5078,10.8988],[79.4883,10.8894],[79.4857,10.8692],[79.4562,10.8638],[79.2919,10.938],[79.2754,10.9231],[79.2957,10.9035],[79.2682,10.9053],[79.2736,10.8729],[79.2953,10.8642],[79.2894,10.833],[79.3264,10.8104],[79.3766,10.804],[79.3485,10.7957],[79.3454,10.7662],[79.3614,10.7651],[79.3611,10.7522],[79.3415,10.7395],[79.3016,10.7395],[79.3179,10.6608],[79.3574,10.6459],[79.3519,10.5831],[79.3966,10.5802],[79.405,10.5521],[79.4525,10.5595],[79.4232,10.5354],[79.4692,10.5114],[79.4554,10.4886],[79.4831,10.4896],[79.4697,10.4618],[79.473,10.4353],[79.4511,10.4297],[79.476,10.4001],[79.4614,10.3926],[79.4676,10.3731],[79.4857,10.3806],[79.5048,10.3663],[79.4988,10.3148],[79.5441,10.3249],[79.5492,10.3178],[79.5317,10.3084],[79.7088,10.2809],[79.7218,10.287],[79.6388,10.3423],[79.6274,10.3962],[79.6308,10.4455],[79.6902,10.4499],[79.6772,10.4807],[79.6994,10.4834],[79.6884,10.5104],[79.7003,10.5061],[79.7267,10.5361],[79.7103,10.5537],[79.6596,10.5592],[79.6872,10.5836],[79.6693,10.5852],[79.6556,10.6135],[79.6736,10.6244],[79.6494,10.6428],[79.6542,10.6573],[79.6667,10.6504],[79.6778,10.6804],[79.6522,10.7023],[79.6553,10.7129],[79.6872,10.7159],[79.6813,10.7287],[79.6982,10.7455],[79.7037,10.7834],[79.7317,10.8099],[79.7236,10.8076],[79.7276,10.8292],[79.6861,10.8297],[79.6866,10.8161],[79.659,10.8174],[79.6572,10.8058],[79.6312,10.8185],[79.6528,10.8246],[79.655,10.844],[79.642,10.8571],[79.651,10.8564],[79.6462,10.8744],[79.6686,10.9143],[79.6848,10.9283],[79.7144,10.9137],[79.7157,10.9309],[79.7247,10.9297],[79.725,10.932],[79.7255,10.9324],[79.7266,10.9343],[79.728,10.9344],[79.7282,10.9342],[79.7296,10.9363],[79.7256,10.9356],[79.7257,10.9364],[79.725,10.9363],[79.7248,10.9357],[79.7242,10.9356],[79.7242,10.9352],[79.7253,10.9384],[79.7255,10.9408],[79.7247,10.9417],[79.7249,10.9424],[79.7253,10.943],[79.7257,10.9433],[79.7269,10.9437],[79.7281,10.944],[79.7299,10.9443],[79.7309,10.9444],[79.7311,10.9464],[79.7322,10.9478],[79.7372,10.9491],[79.7366,10.953],[79.7367,10.9552],[79.7367,10.9574],[79.7348,10.9577],[79.7336,10.9572],[79.7335,10.9561],[79.7338,10.9548],[79.7326,10.9551],[79.7313,10.9513],[79.73,10.9509],[79.73,10.9516],[79.7297,10.9517],[79.7285,10.9513],[79.7275,10.9521],[79.7269,10.9519],[79.7259,10.9519],[79.7247,10.9512],[79.7236,10.9516],[79.7223,10.9523],[79.7215,10.9516],[79.7213,10.9523],[79.721,10.9524],[79.7209,10.9519],[79.7198,10.9539],[79.7215,10.9542],[79.7207,10.9563],[79.7211,10.9568],[79.7199,10.9569],[79.7205,10.958],[79.7207,10.9623],[79.7201,10.9685],[79.7208,10.9685],[79.7211,10.9692],[79.7216,10.9692],[79.7218,10.9692],[79.7217,10.9683],[79.7226,10.9691],[79.7251,10.9697],[79.725,10.9689],[79.726,10.9689],[79.7272,10.9692],[79.7292,10.9695],[79.7301,10.9695],[79.7307,10.9705],[79.7312,10.9705],[79.7348,10.9694],[79.7353,10.968],[79.7355,10.9675],[79.7382,10.9676],[79.739,10.9673],[79.7407,10.9654],[79.7418,10.9664],[79.7426,10.9659],[79.7444,10.9659],[79.7457,10.9657],[79.7461,10.9643],[79.7463,10.963],[79.7455,10.9611],[79.7454,10.9593],[79.7455,10.9568],[79.7456,10.9565],[79.7461,10.9563],[79.7487,10.9579],[79.7497,10.9584],[79.7512,10.9579],[79.7518,10.9579],[79.7532,10.9587],[79.7535,10.9588],[79.754,10.9589],[79.7547,10.9586],[79.7558,10.9584],[79.7562,10.9586],[79.7564,10.9588],[79.7572,10.9599],[79.7589,10.9606],[79.7593,10.9606],[79.7605,10.9597],[79.7612,10.9597],[79.7638,10.9597],[79.764,10.96],[79.764,10.9602],[79.7634,10.9608],[79.7631,10.961],[79.7629,10.9613],[79.7629,10.9617],[79.7622,10.9636],[79.7618,10.9647],[79.7617,10.965],[79.7623,10.9655],[79.7618,10.9675],[79.7611,10.9678],[79.7599,10.9704],[79.7596,10.9719],[79.7594,10.9722],[79.759,10.972],[79.7575,10.9722],[79.7572,10.9725],[79.7557,10.9724],[79.7552,10.972],[79.7548,10.9719],[79.7545,10.9727],[79.7549,10.9735],[79.755,10.9741],[79.7548,10.9752],[79.7528,10.9769],[79.7547,10.9779],[79.7556,10.978],[79.7557,10.9795],[79.7586,10.9813],[79.7586,10.9835],[79.7581,10.9836],[79.7571,10.9835],[79.7559,10.9838],[79.7554,10.983],[79.7529,10.9829],[79.753,10.9867],[79.7529,10.9876],[79.7526,10.988],[79.7519,10.9881],[79.7514,10.9882],[79.7487,10.9883],[79.7484,10.9883],[79.7476,10.9881],[79.7475,10.9882],[79.7477,10.9886],[79.7482,10.9894],[79.7484,10.9904],[79.7483,10.9914],[79.7483,10.992],[79.7481,10.9926],[79.7484,10.9947],[79.7486,10.9953],[79.7484,10.9959],[79.7481,10.9965]],[[79.7229,10.9363],[79.7219,10.9361],[79.7205,10.9362],[79.7205,10.9372],[79.7218,10.9373],[79.7229,10.9371],[79.7229,10.9363]]]]}},{"type":"Feature","properties":{"district":"Tiruchirappalli"},"geometry":{"type":"Polygon","coordinates":[[[78.6632,11.3738],[78.6413,11.3421],[78.6045,11.3388],[78.5716,11.3152],[78.5529,11.3201],[78.5534,11.3587],[78.5062,11.3833],[78.5082,11.3905],[78.4862,11.4074],[78.4618,11.3703],[78.4596,11.3426],[78.4469,11.3448],[78.4654,11.3133],[78.4219,11.2117],[78.3812,11.187],[78.3806,11.1374],[78.3461,11.138],[78.3434,11.1122],[78.324,11.0972],[78.3634,11.0651],[78.3446,11.0262],[78.3284,11.0331],[78.3239,11.0579],[78.2909,11.0772],[78.2655,11.0703],[78.25,11.0916],[78.2299,11.0948],[78.229,11.0546],[78.2032,11.0751],[78.1958,11.0646],[78.1833,11.0696],[78.1625,11.0468],[78.1966,11.046],[78.1988,11.029],[78.1649,11.0132],[78.2063,10.9587],[78.2503,10.9688],[78.403,10.9607],[78.4894,10.9065],[78.476,10.9064],[78.4712,10.8863],[78.4906,10.8951],[78.5506,10.8776],[78.5878,10.8286],[78.5765,10.8081],[78.5546,10.8134],[78.545,10.7961],[78.5717,10.775],[78.5654,10.7345],[78.5203,10.7106],[78.5135,10.6949],[78.4706,10.7037],[78.4679,10.6885],[78.4382,10.69],[78.425,10.6718],[78.4074,10.6739],[78.3778,10.726],[78.345,10.7215],[78.3419,10.7052],[78.2925,10.7018],[78.2835,10.7459],[78.2558,10.6014],[78.2627,10.579],[78.2431,10.5543],[78.2,10.5467],[78.1734,10.5037],[78.1917,10.5009],[78.2176,10.4667],[78.2464,10.4679],[78.3151,10.4395],[78.3068,10.4122],[78.2772,10.3832],[78.3308,10.3376],[78.3332,10.3004],[78.3633,10.2937],[78.3787,10.3101],[78.4043,10.3436],[78.3922,10.3543],[78.4489,10.3749],[78.4386,10.3837],[78.4475,10.409],[78.5077,10.389],[78.5056,10.3759],[78.5139,10.3715],[78.5303,10.3905],[78.5165,10.4078],[78.5231,10.4366],[78.5625,10.4268],[78.5651,10.443],[78.5851,10.4409],[78.5894,10.4745],[78.5708,10.4891],[78.5818,10.5219],[78.55,10.5141],[78.5365,10.5306],[78.5409,10.505],[78.5274,10.4863],[78.4961,10.4851],[78.4913,10.5268],[78.4862,10.5388],[78.4639,10.5408],[78.4661,10.5783],[78.4468,10.6085],[78.4825,10.6384],[78.527,10.6291],[78.5178,10.6698],[78.5508,10.6864],[78.5684,10.6813],[78.5656,10.6606],[78.5931,10.659],[78.6092,10.6811],[78.6213,10.6758],[78.6352,10.7074],[78.6585,10.7047],[78.6525,10.6586],[78.6652,10.6548],[78.6658,10.6715],[78.6829,10.6711],[78.6976,10.7023],[78.6892,10.7346],[78.7428,10.7074],[78.7358,10.6717],[78.7488,10.642],[78.7653,10.6551],[78.7907,10.6498],[78.7997,10.6799],[78.8127,10.6724],[78.8204,10.6946],[78.8721,10.6881],[78.8735,10.7056],[78.8645,10.7328],[78.881,10.7775],[78.8605,10.8032],[78.8688,10.8256],[78.7765,10.8331],[78.9234,10.8661],[78.9602,10.8946],[79.0057,10.8936],[79.0019,10.9222],[78.9827,10.9217],[78.9778,10.9432],[78.9503,10.9555],[78.9462,10.975],[78.9874,10.9668],[78.9919,11.0014],[79.0123,11.0101],[79.0064,11.0589],[78.974,11.0943],[78.9264,11.0894],[78.8865,11.1017],[78.8725,11.0842],[78.8475,11.0902],[78.84,11.0764],[78.8073,11.0789],[78.8109,11.1117],[78.7597,11.1216],[78.7353,11.1056],[78.7427,11.0755],[78.7202,11.074],[78.7105,11.0564],[78.6758,11.1616],[78.6512,11.1683],[78.6759,11.1953],[78.6988,11.1911],[78.7126,11.2127],[78.7027,11.2287],[78.7101,11.249],[78.7512,11.2848],[78.7331,11.3234],[78.6784,11.3275],[78.6659,11.3173],[78.6563,11.3338],[78.6364,11.3315],[78.6901,11.3802],[78.6632,11.3738]],[[78.5785,10.7031],[78.5698,10.6845],[78.5586,10.7033],[78.5785,10.7031]]]}},{"type":"Feature","properties":{"district":"Tirunelveli"},"geometry":{"type":"Polygon","coordinates":[[[77.6961,8.9263],[77.6848,8.919],[77.6569,8.9343],[77.6547,8.9565],[77.6217,8.9492],[77.6183,8.9341],[77.5932,8.9447],[77.5929,8.9107],[77.5609,8.9101],[77.5708,8.9052],[77.5638,8.8779],[77.5943,8.8681],[77.5694,8.7897],[77.5201,8.7818],[77.511,8.8088],[77.5064,8.7951],[77.4628,8.8139],[77.4615,8.7729],[77.4501,8.7639],[77.4204,8.7872],[77.415,8.8256],[77.3844,8.8483],[77.3865,8.8714],[77.2561,8.8788],[77.2562,8.8787],[77.2566,8.8776],[77.2628,8.842],[77.232,8.8077],[77.2297,8.7846],[77.2131,8.7786],[77.218,8.7682],[77.1997,8.7698],[77.1993,8.765],[77.1993,8.7649],[77.1925,8.7444],[77.1716,8.7506],[77.17,8.7418],[77.2067,8.6842],[77.2007,8.6691],[77.2569,8.5947],[77.2568,8.5942],[77.2691,8.5788],[77.2691,8.5788],[77.3508,8.5464],[77.3744,8.5181],[77.3891,8.524],[77.4387,8.5072],[77.4451,8.4748],[77.4723,8.4553],[77.4616,8.4285],[77.4732,8.3974],[77.4915,8.3791],[77.534,8.3909],[77.542,8.3353],[77.5309,8.3187],[77.5767,8.2442],[77.5453,8.2402],[77.5529,8.1918],[77.5377,8.1694],[77.5462,8.1581],[77.5838,8.1546],[77.5886,8.1421],[77.7447,8.1769],[77.7813,8.201],[77.8029,8.2402],[77.8824,8.2701],[77.9717,8.3333],[77.8927,8.3221],[77.8895,8.3421],[77.8723,8.3502],[77.8587,8.3405],[77.8604,8.3563],[77.8413,8.3631],[77.8549,8.3757],[77.8356,8.3823],[77.8571,8.3848],[77.8599,8.3963],[77.8321,8.4323],[77.8436,8.4712],[77.8073,8.5317],[77.8203,8.5405],[77.8121,8.5704],[77.797,8.5654],[77.8031,8.5761],[77.7811,8.5835],[77.7868,8.6207],[77.8057,8.6119],[77.8189,8.6311],[77.8191,8.6503],[77.8061,8.6473],[77.8243,8.6748],[77.8103,8.6833],[77.8281,8.7344],[77.8181,8.7759],[77.8517,8.8021],[77.8182,8.8376],[77.8122,8.8719],[77.762,8.8868],[77.76,8.9276],[77.6961,8.9263]]]}},{"type":"Feature","properties":{"district":"Tiruppur"},"geometry":{"type":"Polygon","coordinates":[[[77.7766,11.0583],[77.7372,11.0857],[77.7134,11.0782],[77.707,11.0915],[77.6324,11.1255],[77.5987,11.1116],[77.5842,11.1214],[77.5562,11.1082],[77.5033,11.1069],[77.4989,11.1466],[77.4832,11.14],[77.4851,11.1608],[77.4697,11.1648],[77.4763,11.1849],[77.5123,11.183],[77.5169,11.2056],[77.499,11.2056],[77.5002,11.2268],[77.4653,11.2523],[77.4524,11.3133],[77.444,11.3057],[77.4257,11.3197],[77.4175,11.3103],[77.3632,11.3415],[77.3661,11.3171],[77.3338,11.3151],[77.3487,11.2859],[77.3313,11.2568],[77.2956,11.2728],[77.3144,11.282],[77.2863,11.2924],[77.2889,11.3437],[77.2539,11.3108],[77.2472,11.3292],[77.2416,11.3052],[77.2163,11.2978],[77.202,11.3041],[77.2365,11.3141],[77.2215,11.3402],[77.234,11.3521],[77.1787,11.3421],[77.1825,11.3138],[77.1471,11.3362],[77.1506,11.3063],[77.1263,11.308],[77.1171,11.2946],[77.1392,11.2797],[77.1701,11.2833],[77.1659,11.2443],[77.145,11.2072],[77.1589,11.1974],[77.161,11.168],[77.1823,11.1619],[77.1732,11.1382],[77.1896,11.1505],[77.2251,11.125],[77.2422,11.138],[77.2646,11.1106],[77.1684,11.0673],[77.1753,11.0158],[77.1538,10.9983],[77.1818,10.9206],[77.1989,10.9202],[77.211,10.9023],[77.2481,10.9047],[77.2578,10.8698],[77.2884,10.8481],[77.299,10.8146],[77.2782,10.8027],[77.2839,10.7866],[77.2541,10.7764],[77.2144,10.7856],[77.2153,10.8035],[77.1718,10.8022],[77.1341,10.7501],[77.1451,10.6599],[77.1811,10.6439],[77.1707,10.5997],[77.158,10.5842],[77.0854,10.5782],[77.0727,10.5451],[77.0783,10.5022],[77.0585,10.4791],[77.0732,10.4595],[77.0418,10.4264],[77.0871,10.3774],[77.09,10.3509],[77.0782,10.3374],[77.0914,10.3139],[77.1204,10.318],[77.1766,10.3584],[77.2356,10.3523],[77.2277,10.3154],[77.2629,10.2633],[77.2597,10.2303],[77.2765,10.2351],[77.2781,10.2365],[77.2879,10.2319],[77.2881,10.2319],[77.2968,10.2527],[77.3105,10.2463],[77.3251,10.2701],[77.3481,10.2634],[77.3513,10.2733],[77.3265,10.3211],[77.3366,10.3541],[77.3157,10.3557],[77.32,10.434],[77.3323,10.4546],[77.3851,10.449],[77.3785,10.4939],[77.4017,10.4988],[77.4057,10.5221],[77.378,10.5259],[77.368,10.5467],[77.4017,10.6134],[77.4825,10.65],[77.5046,10.6426],[77.5161,10.613],[77.5083,10.607],[77.5428,10.6098],[77.5492,10.639],[77.5801,10.6791],[77.6557,10.6734],[77.6647,10.7163],[77.6891,10.7349],[77.702,10.7337],[77.7063,10.716],[77.6985,10.6624],[77.7205,10.6312],[77.7434,10.6369],[77.7665,10.6793],[77.808,10.6808],[77.8271,10.7497],[77.7711,10.7672],[77.7778,10.7896],[77.7936,10.7903],[77.7985,10.8058],[77.8711,10.7717],[77.8929,10.7815],[77.8898,10.7936],[77.8714,10.7954],[77.8669,10.8441],[77.8564,10.8493],[77.8362,10.8354],[77.8207,10.8577],[77.7964,10.8659],[77.7889,10.8861],[77.7749,10.8712],[77.7608,10.9016],[77.77,10.9618],[77.7502,10.9765],[77.7897,11.0188],[77.7766,11.0583]]]}},{"type":"Feature","properties":{"district":"Tirupattur"},"geometry":{"type":"MultiPolygon","coordinates":[[[[78.4967,12.7452],[78.4932,12.7471],[78.4891,12.742],[78.4988,12.7311],[78.4989,12.7311],[78.4992,12.7311],[78.5068,12.7223],[78.5069,12.7223],[78.5086,12.7242],[78.5088,12.7242],[78.5093,12.7242],[78.5117,12.7267],[78.5136,12.7346],[78.513,12.7345],[78.5124,12.7343],[78.512,12.7342],[78.4979,12.7454],[78.4974,12.7448],[78.4967,12.7452]]],[[[78.8583,12.6334],[78.8377,12.6434],[78.8086,12.6362],[78.8564,12.6827],[78.8449,12.6968],[78.8489,12.7565],[78.8718,12.7744],[78.8847,12.8105],[78.865,12.8262],[78.8975,12.8342],[78.8762,12.8534],[78.9037,12.8492],[78.9179,12.9107],[78.7826,12.8473],[78.7492,12.8177],[78.7341,12.8304],[78.7304,12.8657],[78.7187,12.8647],[78.7163,12.8502],[78.7121,12.8598],[78.6539,12.8653],[78.6029,12.8447],[78.6078,12.8219],[78.5766,12.7674],[78.5758,12.7674],[78.5684,12.7669],[78.568,12.766],[78.5656,12.7594],[78.5645,12.7603],[78.5615,12.7615],[78.5611,12.7611],[78.5568,12.7569],[78.5562,12.7569],[78.556,12.7565],[78.5582,12.7508],[78.5583,12.7499],[78.5587,12.7501],[78.5594,12.7502],[78.5599,12.7501],[78.5604,12.751],[78.5607,12.7511],[78.5611,12.751],[78.5627,12.752],[78.5632,12.7522],[78.5632,12.7513],[78.5624,12.7513],[78.5621,12.7511],[78.5593,12.7432],[78.559,12.7431],[78.5571,12.7432],[78.5568,12.7431],[78.558,12.7078],[78.5577,12.7078],[78.5553,12.7081],[78.5551,12.7079],[78.5409,12.6907],[78.5405,12.6907],[78.5389,12.6916],[78.5388,12.6915],[78.5386,12.6912],[78.5385,12.6912],[78.5375,12.6913],[78.5373,12.6911],[78.5368,12.6904],[78.5364,12.6904],[78.5356,12.6914],[78.5353,12.6912],[78.5352,12.691],[78.535,12.691],[78.5311,12.7116],[78.5313,12.7117],[78.535,12.7073],[78.5351,12.7073],[78.5373,12.7103],[78.5377,12.7105],[78.5399,12.7082],[78.54,12.7082],[78.542,12.71],[78.5425,12.7102],[78.5441,12.7102],[78.5442,12.7102],[78.5419,12.7117],[78.5417,12.7116],[78.5414,12.7115],[78.5413,12.7115],[78.5373,12.717],[78.537,12.7168],[78.5343,12.7142],[78.534,12.7141],[78.5275,12.7156],[78.5271,12.7154],[78.5267,12.7154],[78.5269,12.7216],[78.5268,12.7215],[78.5241,12.7193],[78.5238,12.7193],[78.5235,12.7192],[78.5232,12.7191],[78.5228,12.7192],[78.5205,12.7181],[78.519,12.715],[78.5188,12.7149],[78.5178,12.7148],[78.5176,12.7148],[78.519,12.7104],[78.5188,12.7103],[78.5147,12.7105],[78.5146,12.7104],[78.5144,12.7078],[78.5144,12.7078],[78.5132,12.7085],[78.513,12.7083],[78.512,12.7077],[78.5119,12.7077],[78.5034,12.717],[78.5033,12.717],[78.5019,12.7044],[78.5018,12.7044],[78.4967,12.7043],[78.4966,12.7042],[78.5041,12.6916],[78.5045,12.6916],[78.5046,12.6918],[78.5049,12.692],[78.5071,12.6903],[78.5069,12.6902],[78.5068,12.6902],[78.5064,12.6902],[78.5059,12.6902],[78.5055,12.69],[78.5052,12.6899],[78.5036,12.69],[78.5034,12.69],[78.504,12.6834],[78.5039,12.6835],[78.5026,12.6843],[78.5025,12.6842],[78.5024,12.6804],[78.5018,12.6803],[78.5009,12.6803],[78.5004,12.6802],[78.4931,12.6739],[78.4897,12.6735],[78.4848,12.6733],[78.4845,12.6717],[78.4815,12.6727],[78.4679,12.6759],[78.4683,12.6722],[78.4705,12.6401],[78.471,12.6369],[78.4649,12.624],[78.4648,12.6241],[78.4454,12.6305],[78.4448,12.6302],[78.4431,12.6295],[78.4417,12.6293],[78.4271,12.6352],[78.4266,12.6351],[78.4126,12.6269],[78.4125,12.6269],[78.4155,12.4882],[78.4556,12.4285],[78.4358,12.3938],[78.4901,12.3869],[78.4961,12.4121],[78.5086,12.3988],[78.5141,12.4071],[78.5675,12.389],[78.5845,12.3606],[78.6172,12.3473],[78.5883,12.3128],[78.6095,12.3098],[78.6036,12.2628],[78.6414,12.2822],[78.6352,12.2612],[78.648,12.2584],[78.6784,12.2718],[78.7113,12.3133],[78.7116,12.3145],[78.7292,12.3738],[78.7485,12.3824],[78.7487,12.3826],[78.7687,12.4225],[78.7586,12.4427],[78.7797,12.4655],[78.7747,12.4853],[78.7982,12.4973],[78.8177,12.5293],[78.8583,12.6334]]]]}},{"type":"Feature","properties":{"district":"Tiruvallur"},"geometry":{"type":"Polygon","coordinates":[[[80.3319,13.2354],[80.3465,13.3133],[80.326,13.4417],[80.2662,13.5635],[80.264,13.5626],[80.2635,13.56],[80.2418,13.4706],[80.2413,13.4726],[80.2162,13.4859],[80.2138,13.4861],[80.2146,13.4903],[80.2106,13.4905],[80.2103,13.4882],[80.21,13.4863],[80.2091,13.4866],[80.1538,13.4909],[80.1533,13.4903],[80.1529,13.4905],[80.1465,13.4913],[80.1451,13.4914],[80.1452,13.4919],[80.1452,13.4923],[80.1458,13.496],[80.1461,13.4976],[80.1128,13.5059],[80.1126,13.5056],[80.1089,13.4896],[80.1082,13.4889],[80.1009,13.4898],[80.1031,13.4869],[80.0992,13.4876],[80.0782,13.4888],[80.0771,13.5263],[80.0771,13.5268],[80.0863,13.5346],[80.0886,13.5354],[80.0813,13.5498],[80.0611,13.5439],[80.0598,13.5424],[80.0569,13.5366],[80.0538,13.5369],[80.0381,13.539],[80.038,13.539],[80.0102,13.546],[80.0077,13.5455],[79.9986,13.5427],[79.9986,13.5343],[80.0484,13.5123],[80.0466,13.4937],[80.0431,13.4945],[80.0159,13.498],[80.0159,13.4977],[80.0156,13.4976],[80.015,13.4971],[80.0146,13.4966],[80.0122,13.4855],[80.0118,13.4851],[80.0075,13.4786],[79.9986,13.4786],[79.9841,13.4796],[79.9824,13.4705],[79.9822,13.4704],[79.9724,13.4691],[79.972,13.4651],[79.9733,13.4297],[79.9728,13.4292],[79.9707,13.4284],[79.9707,13.4273],[79.9696,13.4272],[79.9658,13.4266],[79.9655,13.4251],[79.9632,13.4248],[79.962,13.4234],[79.9596,13.4232],[79.9575,13.4236],[79.9567,13.4222],[79.9551,13.4224],[79.9526,13.4258],[79.9515,13.424],[79.9495,13.4238],[79.9396,13.425],[79.9398,13.4238],[79.9418,13.4167],[79.9402,13.4167],[79.9346,13.4165],[79.9366,13.4157],[79.9425,13.4111],[79.9414,13.4107],[79.9414,13.4101],[79.9418,13.4008],[79.9413,13.4006],[79.9414,13.4002],[79.9626,13.3884],[79.9615,13.3882],[79.9615,13.3871],[79.9614,13.3865],[79.9608,13.3861],[79.9607,13.3852],[79.958,13.3792],[79.9553,13.3779],[79.9482,13.3832],[79.948,13.3826],[79.9482,13.382],[79.9477,13.3817],[79.945,13.3818],[79.9473,13.3787],[79.9491,13.3748],[79.9485,13.3748],[79.9484,13.3745],[79.9481,13.3743],[79.9464,13.3682],[79.9454,13.3682],[79.9454,13.3669],[79.9456,13.3637],[79.9453,13.3634],[79.9422,13.3636],[79.9429,13.3613],[79.941,13.3613],[79.9412,13.36],[79.938,13.3555],[79.9359,13.3564],[79.9351,13.3541],[79.9338,13.3545],[79.9333,13.3531],[79.9331,13.3519],[79.9313,13.3515],[79.916,13.3599],[79.9158,13.3583],[79.9149,13.3481],[79.9124,13.3477],[79.9052,13.3435],[79.9045,13.342],[79.9038,13.3404],[79.9018,13.3401],[79.885,13.3339],[79.8835,13.3329],[79.8833,13.3313],[79.8829,13.3233],[79.8818,13.324],[79.8808,13.3248],[79.8802,13.3242],[79.8798,13.3242],[79.8697,13.3302],[79.8681,13.3311],[79.8679,13.3302],[79.8628,13.3169],[79.8621,13.317],[79.8535,13.3207],[79.8534,13.32],[79.8533,13.316],[79.8517,13.316],[79.8506,13.3164],[79.8505,13.3163],[79.8505,13.3161],[79.8501,13.316],[79.8476,13.3163],[79.8472,13.3159],[79.8464,13.3153],[79.8457,13.3151],[79.8367,13.3152],[79.8365,13.3146],[79.8361,13.3142],[79.8342,13.3147],[79.8298,13.3172],[79.8298,13.3171],[79.8292,13.3175],[79.809,13.3172],[79.8085,13.3156],[79.8069,13.313],[79.8058,13.3125],[79.8043,13.3117],[79.8036,13.311],[79.8016,13.3005],[79.8011,13.3003],[79.7993,13.2993],[79.7986,13.2985],[79.7972,13.2967],[79.7957,13.296],[79.7802,13.3061],[79.7796,13.3063],[79.7608,13.3185],[79.7603,13.3182],[79.76,13.3174],[79.7567,13.2953],[79.7567,13.2952],[79.7524,13.2917],[79.7512,13.2916],[79.7338,13.2889],[79.7337,13.2888],[79.7486,13.2703],[79.7485,13.2695],[79.7516,13.2654],[79.7947,13.2421],[79.7945,13.2263],[79.7943,13.2263],[79.7931,13.2283],[79.7929,13.2287],[79.7932,13.2287],[79.7924,13.2293],[79.7923,13.2292],[79.7921,13.2292],[79.7911,13.2293],[79.7912,13.2289],[79.791,13.2289],[79.7877,13.2292],[79.7877,13.2286],[79.7877,13.2284],[79.7865,13.2285],[79.7844,13.2276],[79.7842,13.2273],[79.7836,13.225],[79.7831,13.2249],[79.7822,13.2246],[79.7818,13.2242],[79.7814,13.2236],[79.7812,13.2234],[79.778,13.2236],[79.7779,13.2235],[79.7782,13.2227],[79.7779,13.2225],[79.7775,13.2224],[79.7775,13.2218],[79.7755,13.2153],[79.7749,13.2152],[79.7729,13.2155],[79.773,13.2158],[79.7731,13.2158],[79.7734,13.2159],[79.7734,13.2161],[79.7736,13.2166],[79.7739,13.2166],[79.7741,13.2167],[79.7736,13.2192],[79.7736,13.219],[79.7734,13.2187],[79.7732,13.2187],[79.7688,13.2193],[79.7688,13.2191],[79.7687,13.2191],[79.7678,13.2193],[79.7677,13.2187],[79.7676,13.2181],[79.7676,13.2181],[79.7643,13.2191],[79.7636,13.2178],[79.7631,13.2171],[79.7629,13.217],[79.7615,13.2166],[79.7614,13.2165],[79.7612,13.2152],[79.761,13.2153],[79.7607,13.2145],[79.761,13.2119],[79.7597,13.2119],[79.7597,13.2116],[79.7598,13.2074],[79.7596,13.2074],[79.7568,13.2075],[79.7567,13.2069],[79.7561,13.207],[79.7547,13.2072],[79.7547,13.2069],[79.755,13.2065],[79.7546,13.2065],[79.7326,13.2369],[79.7326,13.235],[79.7328,13.2333],[79.7316,13.233],[79.7303,13.2325],[79.7312,13.2309],[79.7314,13.2224],[79.7283,13.2222],[79.7282,13.2214],[79.7259,13.2217],[79.7248,13.2229],[79.7246,13.2223],[79.7238,13.2224],[79.7216,13.2235],[79.7203,13.2199],[79.7195,13.218],[79.7186,13.2183],[79.7184,13.2165],[79.7167,13.2172],[79.7164,13.2164],[79.7155,13.2173],[79.7127,13.2182],[79.7128,13.2176],[79.712,13.2178],[79.7022,13.2252],[79.7023,13.2256],[79.7033,13.2257],[79.7052,13.2328],[79.7061,13.2342],[79.7071,13.2343],[79.7075,13.235],[79.7112,13.2354],[79.7141,13.2357],[79.6998,13.252],[79.6997,13.2509],[79.6983,13.251],[79.6976,13.2489],[79.6963,13.2433],[79.694,13.2433],[79.6931,13.2433],[79.694,13.2412],[79.6959,13.2386],[79.6954,13.2384],[79.6923,13.2406],[79.6923,13.2401],[79.6919,13.2397],[79.6891,13.2398],[79.6783,13.2617],[79.6784,13.2618],[79.6802,13.2622],[79.6803,13.2622],[79.6805,13.2645],[79.6806,13.2646],[79.6828,13.2647],[79.683,13.2648],[79.6832,13.265],[79.6834,13.2651],[79.6839,13.2654],[79.6842,13.2657],[79.687,13.2663],[79.6874,13.2666],[79.6875,13.2666],[79.6894,13.2626],[79.6889,13.2624],[79.689,13.2621],[79.6911,13.261],[79.6912,13.261],[79.6916,13.2633],[79.6917,13.2635],[79.6931,13.263],[79.6933,13.2631],[79.6944,13.2658],[79.6947,13.2667],[79.6956,13.2669],[79.6957,13.267],[79.6934,13.2705],[79.6933,13.2701],[79.6931,13.2693],[79.693,13.2693],[79.692,13.2691],[79.692,13.2691],[79.6919,13.2682],[79.6917,13.2682],[79.6914,13.2682],[79.6913,13.2681],[79.6913,13.2677],[79.6912,13.2677],[79.6888,13.2709],[79.6889,13.271],[79.6896,13.2712],[79.6899,13.2714],[79.6902,13.2716],[79.6914,13.272],[79.6918,13.2721],[79.692,13.2728],[79.692,13.2729],[79.6925,13.2729],[79.6927,13.2729],[79.6928,13.2731],[79.6929,13.2732],[79.6933,13.2733],[79.6936,13.2734],[79.6938,13.2772],[79.6938,13.2773],[79.6939,13.2773],[79.694,13.2773],[79.6863,13.2852],[79.6862,13.2851],[79.6861,13.285],[79.686,13.2849],[79.6819,13.2884],[79.6817,13.288],[79.6816,13.2879],[79.6815,13.2879],[79.6821,13.2946],[79.6822,13.2946],[79.6826,13.2946],[79.6827,13.2947],[79.6781,13.2974],[79.6781,13.2974],[79.6747,13.2826],[79.6745,13.2826],[79.6745,13.2825],[79.6742,13.2818],[79.6741,13.2817],[79.6738,13.2817],[79.6737,13.2816],[79.6734,13.2812],[79.6732,13.2811],[79.6722,13.2808],[79.6719,13.2806],[79.6715,13.2802],[79.6713,13.2801],[79.6686,13.2811],[79.6683,13.2808],[79.6678,13.2801],[79.6677,13.28],[79.6661,13.2796],[79.6659,13.2794],[79.6655,13.2788],[79.6654,13.2787],[79.6631,13.2897],[79.663,13.2896],[79.6623,13.2888],[79.662,13.2886],[79.6615,13.288],[79.6612,13.2878],[79.6608,13.2877],[79.6594,13.2872],[79.6592,13.2869],[79.6582,13.284],[79.6579,13.2839],[79.6497,13.2923],[79.6497,13.2921],[79.6496,13.292],[79.6495,13.292],[79.6493,13.292],[79.6493,13.2919],[79.6492,13.2915],[79.6486,13.2914],[79.6425,13.2901],[79.6425,13.2901],[79.6424,13.2899],[79.6427,13.2848],[79.6426,13.2848],[79.642,13.2851],[79.6419,13.2849],[79.6418,13.2847],[79.6418,13.2847],[79.6415,13.2847],[79.6415,13.2847],[79.6412,13.2756],[79.6412,13.2756],[79.6383,13.2874],[79.6383,13.2873],[79.638,13.2843],[79.6379,13.2842],[79.6375,13.284],[79.6372,13.2838],[79.6371,13.2838],[79.6353,13.2835],[79.6351,13.2832],[79.6347,13.2829],[79.6345,13.2828],[79.6342,13.2827],[79.6341,13.2825],[79.634,13.2824],[79.6338,13.2824],[79.6333,13.2824],[79.6333,13.2823],[79.6343,13.2773],[79.6341,13.2773],[79.6316,13.2773],[79.6316,13.2772],[79.634,13.2715],[79.6339,13.2715],[79.632,13.2713],[79.632,13.2712],[79.6318,13.2697],[79.6316,13.2697],[79.6068,13.28],[79.6066,13.2798],[79.6064,13.2796],[79.6062,13.2795],[79.6087,13.2875],[79.5956,13.2847],[79.5955,13.2846],[79.5948,13.276],[79.5947,13.2759],[79.5927,13.2751],[79.5927,13.2751],[79.5904,13.2606],[79.5903,13.2605],[79.54,13.2724],[79.5364,13.2866],[79.5366,13.2869],[79.5374,13.2872],[79.5377,13.2873],[79.5379,13.2877],[79.538,13.2878],[79.5386,13.2879],[79.5388,13.2879],[79.5389,13.2886],[79.539,13.2887],[79.5392,13.2888],[79.5397,13.2908],[79.5398,13.2909],[79.54,13.2909],[79.5406,13.291],[79.5375,13.2951],[79.5376,13.2952],[79.5378,13.2952],[79.5381,13.2952],[79.5349,13.3014],[79.5349,13.3014],[79.5353,13.3015],[79.5353,13.3015],[79.5358,13.3028],[79.536,13.3029],[79.5363,13.3031],[79.5385,13.3064],[79.5389,13.3067],[79.5393,13.3068],[79.5394,13.3069],[79.5428,13.312],[79.5429,13.3122],[79.5431,13.3123],[79.5432,13.3123],[79.5395,13.3236],[79.5396,13.3237],[79.5402,13.3237],[79.5404,13.3237],[79.5373,13.3386],[79.5372,13.3387],[79.5259,13.3444],[79.5257,13.3442],[79.5245,13.3434],[79.5231,13.3425],[79.5225,13.342],[79.5222,13.3419],[79.511,13.3419],[79.511,13.3419],[79.4974,13.332],[79.4984,13.342],[79.4987,13.3446],[79.4746,13.3411],[79.4728,13.3392],[79.4716,13.3391],[79.4641,13.3417],[79.4639,13.3416],[79.4629,13.3406],[79.4625,13.3403],[79.4354,13.3517],[79.4362,13.3502],[79.4357,13.3481],[79.4332,13.3469],[79.433,13.3464],[79.4317,13.3367],[79.4284,13.3366],[79.421,13.3363],[79.4202,13.3354],[79.4196,13.334],[79.4178,13.333],[79.4163,13.3323],[79.4158,13.3316],[79.4147,13.33],[79.4129,13.3299],[79.4054,13.335],[79.4043,13.3335],[79.4025,13.3302],[79.402,13.3302],[79.3984,13.3302],[79.3984,13.328],[79.4024,13.318],[79.4019,13.318],[79.402,13.3174],[79.4009,13.3171],[79.3978,13.3174],[79.3975,13.3171],[79.3964,13.3159],[79.3961,13.3157],[79.3878,13.318],[79.3876,13.3179],[79.3819,13.3075],[79.384,13.3076],[79.3842,13.3077],[79.3845,13.308],[79.3863,13.3087],[79.3866,13.3088],[79.3874,13.3094],[79.3898,13.2988],[79.3898,13.2974],[79.3917,13.2988],[79.4108,13.2987],[79.4132,13.2998],[79.4138,13.3002],[79.4188,13.2898],[79.42,13.2895],[79.4239,13.2941],[79.4254,13.2961],[79.4266,13.2967],[79.4292,13.298],[79.4298,13.299],[79.4305,13.3002],[79.4452,13.3017],[79.4463,13.2916],[79.4439,13.2917],[79.4358,13.2913],[79.4347,13.2891],[79.4337,13.275],[79.4326,13.2747],[79.4176,13.2718],[79.4176,13.2704],[79.4114,13.2647],[79.4084,13.2653],[79.4085,13.2639],[79.4174,13.255],[79.4169,13.2551],[79.4169,13.2534],[79.4221,13.2494],[79.4207,13.2485],[79.4185,13.247],[79.4381,13.24],[79.4367,13.2396],[79.4314,13.2383],[79.4315,13.2361],[79.4384,13.2346],[79.437,13.2342],[79.436,13.2338],[79.4356,13.2329],[79.4351,13.2322],[79.4343,13.2319],[79.4299,13.2312],[79.4304,13.2303],[79.4311,13.2297],[79.4327,13.23],[79.4331,13.2303],[79.4397,13.2306],[79.44,13.2306],[79.4387,13.2338],[79.4388,13.2344],[79.4396,13.2345],[79.4401,13.2355],[79.4403,13.2362],[79.4416,13.2366],[79.4413,13.2373],[79.4418,13.2374],[79.4415,13.238],[79.4533,13.2385],[79.4534,13.2257],[79.4531,13.2256],[79.4533,13.2236],[79.4538,13.2169],[79.4516,13.2164],[79.4395,13.2197],[79.4393,13.2197],[79.4393,13.2198],[79.4374,13.2196],[79.4373,13.217],[79.4439,13.2076],[79.4429,13.2072],[79.4396,13.2059],[79.4395,13.2058],[79.4357,13.1972],[79.4336,13.1971],[79.4324,13.197],[79.4324,13.1955],[79.4384,13.1882],[79.4372,13.1878],[79.4256,13.1904],[79.4254,13.1895],[79.4244,13.1897],[79.4215,13.1906],[79.4213,13.1894],[79.4211,13.1891],[79.4211,13.1892],[79.4103,13.1938],[79.4101,13.1938],[79.4101,13.194],[79.4092,13.194],[79.4079,13.1932],[79.4049,13.193],[79.4049,13.1929],[79.4046,13.1929],[79.4046,13.193],[79.4008,13.1917],[79.4005,13.1893],[79.3989,13.1895],[79.3985,13.1888],[79.3991,13.1878],[79.3973,13.1882],[79.3923,13.1923],[79.392,13.1923],[79.392,13.1924],[79.389,13.1912],[79.3889,13.1907],[79.3884,13.1896],[79.3874,13.1891],[79.374,13.1893],[79.3728,13.1877],[79.3876,13.1773],[79.3864,13.1772],[79.3727,13.1788],[79.3702,13.1743],[79.38,13.1629],[79.3799,13.1629],[79.3561,13.1646],[79.3565,13.1634],[79.3649,13.1348],[79.3646,13.1348],[79.3646,13.134],[79.3642,13.1303],[79.3625,13.1296],[79.3624,13.1287],[79.3618,13.1287],[79.3611,13.1265],[79.3605,13.1235],[79.3596,13.1236],[79.3591,13.1227],[79.3585,13.1227],[79.3581,13.1217],[79.3557,13.1217],[79.3537,13.1214],[79.3536,13.1205],[79.3506,13.1204],[79.3495,13.1211],[79.3494,13.1203],[79.3485,13.1203],[79.3454,13.1214],[79.3454,13.1213],[79.3451,13.1215],[79.3453,13.1215],[79.3446,13.1367],[79.3445,13.1367],[79.3445,13.1368],[79.3413,13.1368],[79.3413,13.1367],[79.3396,13.1305],[79.3386,13.1304],[79.3358,13.1309],[79.3356,13.1304],[79.3352,13.1305],[79.3352,13.13],[79.333,13.1299],[79.329,13.1305],[79.3288,13.1301],[79.3268,13.1261],[79.3242,13.1252],[79.3187,13.1235],[79.3192,13.1218],[79.3241,13.1184],[79.3225,13.1177],[79.3119,13.1166],[79.3118,13.1164],[79.3188,13.1133],[79.3188,13.1134],[79.3169,13.1131],[79.3161,13.1116],[79.3143,13.1117],[79.3099,13.112],[79.3094,13.1102],[79.3072,13.1055],[79.307,13.1056],[79.3053,13.1068],[79.304,13.1058],[79.3017,13.1078],[79.2954,13.1111],[79.2958,13.1124],[79.301,13.1128],[79.2988,13.1157],[79.2993,13.1187],[79.3002,13.1191],[79.3021,13.1202],[79.304,13.121],[79.3064,13.1224],[79.3084,13.1231],[79.3083,13.1232],[79.3078,13.1244],[79.3102,13.1249],[79.312,13.1251],[79.3044,13.1266],[79.3042,13.1262],[79.3032,13.126],[79.2897,13.1228],[79.2887,13.122],[79.2871,13.1224],[79.2857,13.1238],[79.284,13.1228],[79.2934,13.1014],[79.3349,13.0606],[79.4168,13.0846],[79.4203,13.1038],[79.4016,13.1042],[79.4188,13.15],[79.4386,13.1251],[79.4535,13.1265],[79.429,13.1165],[79.4437,13.114],[79.4509,13.0932],[79.4753,13.1077],[79.4827,13.1399],[79.5685,13.1375],[79.5709,13.1219],[79.5944,13.122],[79.5892,13.1475],[79.6346,13.1476],[79.6301,13.1729],[79.6612,13.2104],[79.6701,13.1832],[79.7008,13.1916],[79.6949,13.159],[79.7365,13.1669],[79.7361,13.1179],[79.7189,13.1049],[79.7022,13.1108],[79.7015,13.0994],[79.7363,13.0951],[79.7381,13.0655],[79.7258,13.068],[79.7186,13.0537],[79.7372,13.061],[79.7621,13.0518],[79.7759,13.0628],[79.7916,13.0537],[79.7899,13.0246],[79.8011,13.0149],[79.8266,13.0304],[79.8305,12.997],[79.813,12.9903],[79.8212,12.962],[79.8904,12.9451],[79.914,12.9789],[79.8892,12.9937],[79.9084,13.0042],[79.9286,12.9901],[79.9423,13.0013],[79.92,13.0195],[79.9004,13.017],[79.9007,13.0495],[79.9178,13.0476],[79.9182,13.035],[79.949,13.0327],[79.9865,13.0562],[79.9742,13.0389],[79.9819,13.0317],[79.9946,13.0467],[80.0238,13.0404],[80.0225,13.0239],[80.0427,13.019],[80.042,13.0297],[80.0524,13.0228],[80.0711,13.0374],[80.0798,13.0162],[80.0818,13.041],[80.1231,13.0332],[80.1344,13.0447],[80.1485,13.0644],[80.1457,13.0399],[80.1603,13.0449],[80.1614,13.0811],[80.1404,13.0986],[80.1458,13.1394],[80.1771,13.1396],[80.1946,13.154],[80.1996,13.1812],[80.2159,13.1723],[80.2228,13.1998],[80.2704,13.2033],[80.2753,13.2293],[80.3033,13.2128],[80.3319,13.2354]]]}},{"type":"Feature","properties":{"district":"Tiruvannamalai"},"geometry":{"type":"Polygon","coordinates":[[[79.5596,12.8536],[79.5392,12.8629],[79.5086,12.8572],[79.5006,12.872],[79.4726,12.8743],[79.4729,12.8513],[79.457,12.8442],[79.4574,12.8105],[79.4771,12.8071],[79.4623,12.7985],[79.4675,12.7567],[79.4534,12.7403],[79.4753,12.7314],[79.4655,12.7005],[79.455,12.6991],[79.451,12.6712],[79.4099,12.6561],[79.3829,12.6283],[79.3518,12.6464],[79.3624,12.6518],[79.3534,12.6682],[79.3949,12.6898],[79.3801,12.7078],[79.3955,12.7294],[79.3798,12.7335],[79.3669,12.7142],[79.3556,12.7189],[79.3577,12.6968],[79.3451,12.6949],[79.3434,12.7315],[79.2895,12.7529],[79.2878,12.7791],[79.262,12.7941],[79.2556,12.8227],[79.2523,12.8081],[79.2087,12.7847],[79.2072,12.7418],[79.174,12.7415],[79.1611,12.7729],[79.1592,12.7528],[79.132,12.7624],[79.0735,12.7559],[79.0122,12.6573],[79.0238,12.6926],[78.9948,12.706],[78.9715,12.6669],[78.9499,12.6864],[78.9276,12.6759],[78.9119,12.6873],[78.8973,12.6791],[78.8963,12.6899],[78.8583,12.6334],[78.8177,12.5293],[78.7982,12.4973],[78.7747,12.4853],[78.7797,12.4655],[78.7586,12.4427],[78.7687,12.4225],[78.7487,12.3826],[78.7485,12.3824],[78.7292,12.3738],[78.7116,12.3145],[78.7113,12.3133],[78.6784,12.2718],[78.648,12.2584],[78.6481,12.2584],[78.6482,12.2579],[78.6508,12.2402],[78.6886,12.2219],[78.6697,12.1975],[78.65,12.1882],[78.6407,12.1977],[78.6329,12.1766],[78.6479,12.1622],[78.6309,12.1286],[78.6572,12.125],[78.6612,12.1025],[78.7376,12.1339],[78.7452,12.1239],[78.7038,12.0291],[78.6977,11.9925],[78.7171,11.9841],[78.7575,12.0116],[78.8043,12.0196],[78.8346,12.007],[78.8737,12.0264],[78.9142,12.0145],[78.9597,12.0687],[78.9885,12.0551],[78.995,12.0676],[79.0315,12.0644],[79.0229,12.0501],[79.0525,12.0365],[79.0688,12.0525],[79.063,12.0699],[79.0865,12.0811],[79.0985,12.0661],[79.088,12.0424],[79.0769,12.0442],[79.0789,12.0315],[79.1254,12.0188],[79.1475,12.0441],[79.1726,12.0305],[79.2007,12.0699],[79.2336,12.0592],[79.2379,12.0766],[79.2572,12.0799],[79.2792,12.1079],[79.2767,12.126],[79.2106,12.1661],[79.2099,12.1872],[79.2159,12.1983],[79.2346,12.1841],[79.2157,12.2123],[79.2359,12.2122],[79.2251,12.222],[79.2484,12.241],[79.245,12.274],[79.2801,12.2918],[79.2738,12.3055],[79.2893,12.3179],[79.2341,12.3157],[79.2346,12.3299],[79.1982,12.343],[79.2248,12.3472],[79.2251,12.3467],[79.2392,12.3465],[79.2274,12.3727],[79.2371,12.3685],[79.2485,12.383],[79.2272,12.4019],[79.2318,12.443],[79.309,12.4387],[79.3253,12.4508],[79.3825,12.4423],[79.4016,12.4357],[79.4084,12.4112],[79.4096,12.4096],[79.438,12.408],[79.4519,12.3739],[79.4933,12.3703],[79.4966,12.3449],[79.5295,12.3701],[79.5982,12.3482],[79.6082,12.3781],[79.621,12.3744],[79.6217,12.3495],[79.6404,12.3447],[79.6637,12.3681],[79.6642,12.3877],[79.6978,12.4022],[79.6915,12.4209],[79.7073,12.4151],[79.7178,12.4392],[79.7334,12.4541],[79.7495,12.4567],[79.7473,12.4841],[79.7207,12.5005],[79.7498,12.5029],[79.7562,12.515],[79.7439,12.5319],[79.7057,12.5695],[79.7246,12.5874],[79.6884,12.6016],[79.6658,12.5934],[79.6457,12.6031],[79.6454,12.6252],[79.6303,12.631],[79.6466,12.6704],[79.6825,12.668],[79.7419,12.6949],[79.7365,12.7193],[79.7132,12.7283],[79.7448,12.7439],[79.6775,12.7902],[79.6545,12.7642],[79.6502,12.7825],[79.6353,12.7864],[79.6383,12.8148],[79.5596,12.8536]]]}},{"type":"Feature","properties":{"district":"Thoothukudi"},"geometry":{"type":"Polygon","coordinates":[[[78.2478,9.2969],[78.2158,9.3015],[78.2088,9.3272],[78.1747,9.3387],[78.1685,9.3688],[78.1489,9.372],[78.0535,9.3605],[78.034,9.3337],[78.0498,9.3066],[78.0106,9.3083],[78.0084,9.2738],[77.9877,9.2682],[77.9839,9.2515],[77.9568,9.2486],[77.9561,9.2306],[77.9321,9.2229],[77.9152,9.2006],[77.8782,9.2079],[77.8802,9.2452],[77.8075,9.2452],[77.7967,9.273],[77.7735,9.2764],[77.7897,9.2515],[77.7703,9.2359],[77.7585,9.2666],[77.7416,9.2645],[77.7345,9.1963],[77.7058,9.1884],[77.7046,9.1656],[77.6901,9.1589],[77.6965,9.1339],[77.6741,9.1381],[77.6799,9.1058],[77.74,9.1068],[77.7449,9.0799],[77.7042,9.0734],[77.7136,9.0456],[77.6883,9.0147],[77.6891,8.9997],[77.7268,8.9967],[77.7199,8.9666],[77.703,8.9689],[77.6906,8.9939],[77.676,8.9893],[77.6961,8.9263],[77.76,8.9276],[77.762,8.8868],[77.8122,8.8719],[77.8182,8.8376],[77.8517,8.8021],[77.8181,8.7759],[77.8281,8.7344],[77.8103,8.6833],[77.8243,8.6748],[77.8061,8.6473],[77.8191,8.6503],[77.8189,8.6311],[77.8057,8.6119],[77.7868,8.6207],[77.7811,8.5835],[77.8031,8.5761],[77.797,8.5654],[77.8121,8.5704],[77.8203,8.5405],[77.8073,8.5317],[77.8436,8.4712],[77.8321,8.4323],[77.8599,8.3963],[77.8571,8.3848],[77.8356,8.3823],[77.8549,8.3757],[77.8413,8.3631],[77.8604,8.3563],[77.8587,8.3405],[77.8723,8.3502],[77.8895,8.3421],[77.8927,8.3221],[77.9717,8.3333],[78.0673,8.3731],[78.0569,8.3794],[78.0639,8.418],[78.1305,8.4967],[78.1219,8.5157],[78.138,8.586],[78.1256,8.6651],[78.163,8.7413],[78.1916,8.7479],[78.2,8.7726],[78.1975,8.7888],[78.1951,8.767],[78.1697,8.7704],[78.1581,8.797],[78.1669,8.8729],[78.1892,8.9289],[78.215,8.966],[78.3849,9.0947],[78.3568,9.0986],[78.3564,9.1181],[78.2739,9.1415],[78.2961,9.2051],[78.2694,9.2021],[78.281,9.2842],[78.2478,9.2969]]]}},{"type":"Feature","properties":{"district":"Vellore"},"geometry":{"type":"MultiPolygon","coordinates":[[[[78.5228,12.7192],[78.5192,12.7363],[78.5193,12.7356],[78.5169,12.7244],[78.5167,12.7244],[78.5117,12.7267],[78.5093,12.7242],[78.5166,12.7187],[78.5167,12.7187],[78.5173,12.72],[78.5176,12.7201],[78.5205,12.7181],[78.5228,12.7192]]],[[[79.2419,13.1624],[79.2356,13.1712],[79.2349,13.1708],[79.2287,13.1609],[79.2277,13.1597],[79.2269,13.1589],[79.2256,13.1589],[79.226,13.1581],[79.2273,13.1556],[79.2259,13.1555],[79.2147,13.157],[79.2143,13.1562],[79.21,13.1485],[79.2329,13.1394],[79.2336,13.1048],[79.2322,13.1041],[79.2259,13.1015],[79.2246,13.1008],[79.2128,13.0924],[79.2121,13.0927],[79.2028,13.0899],[79.2009,13.0888],[79.1983,13.0813],[79.1978,13.0814],[79.196,13.0822],[79.1959,13.0815],[79.1953,13.0816],[79.1891,13.0882],[79.1886,13.0879],[79.1885,13.084],[79.1882,13.0839],[79.1876,13.0838],[79.1877,13.0835],[79.1874,13.0835],[79.1807,13.0842],[79.181,13.0834],[79.1817,13.0809],[79.1813,13.0807],[79.1812,13.0802],[79.1814,13.0799],[79.1816,13.0799],[79.1817,13.08],[79.1819,13.0799],[79.1823,13.0799],[79.1824,13.0808],[79.1822,13.0819],[79.1904,13.066],[79.1893,13.0664],[79.189,13.0662],[79.1881,13.0657],[79.1873,13.0607],[79.186,13.0613],[79.1803,13.0644],[79.1801,13.0643],[79.1921,13.0561],[79.1919,13.0561],[79.1892,13.0565],[79.1889,13.0562],[79.1884,13.0557],[79.1877,13.0555],[79.1825,13.0554],[79.1823,13.0552],[79.1818,13.0548],[79.1812,13.0548],[79.1811,13.0546],[79.181,13.0544],[79.1797,13.0545],[79.1795,13.0539],[79.1863,13.0473],[79.1881,13.0474],[79.1887,13.0479],[79.189,13.0483],[79.1848,13.0299],[79.1844,13.0301],[79.1821,13.0318],[79.1817,13.031],[79.1811,13.0297],[79.1804,13.0297],[79.1803,13.0296],[79.1803,13.0294],[79.1801,13.0293],[79.1792,13.0294],[79.179,13.0292],[79.1788,13.0287],[79.1785,13.0286],[79.1764,13.0289],[79.1762,13.0286],[79.1758,13.0271],[79.1755,13.0271],[79.1719,13.0273],[79.1716,13.0266],[79.1711,13.024],[79.1705,13.0242],[79.1673,13.0238],[79.1659,13.0229],[79.1631,13.0203],[79.1625,13.0202],[79.1082,13.0387],[79.1075,13.0383],[79.0983,13.0261],[79.0971,13.026],[79.0809,13.0257],[79.0634,13.0531],[79.063,13.0533],[79.0369,13.0706],[79.0361,13.0704],[79.0305,13.0718],[79.0302,13.0714],[79.0297,13.071],[79.0294,13.0717],[79.0269,13.072],[79.026,13.0716],[79.0258,13.0719],[79.0187,13.0751],[79.0181,13.0749],[79.0173,13.0746],[79.0153,13.0769],[79.0143,13.0763],[79.0137,13.0764],[78.9805,13.0859],[78.9801,13.0857],[78.9798,13.0857],[78.9776,13.0851],[78.9772,13.0849],[78.9769,13.0848],[78.9758,13.0846],[78.9757,13.0845],[78.9753,13.0845],[78.9723,13.0838],[78.972,13.0832],[78.9705,13.0747],[78.9703,13.0747],[78.9621,13.0787],[78.9616,13.0781],[78.9607,13.0761],[78.96,13.0761],[78.949,13.084],[78.9488,13.0839],[78.9431,13.0793],[78.9428,13.0792],[78.9421,13.0788],[78.9415,13.0785],[78.9413,13.0785],[78.9254,13.0812],[78.9251,13.0811],[78.9247,13.081],[78.9239,13.0808],[78.9236,13.0804],[78.9207,13.0649],[78.9197,13.0649],[78.9149,13.0669],[78.9146,13.0668],[78.9143,13.0668],[78.9133,13.0665],[78.9129,13.0662],[78.9037,13.0477],[78.9172,13.0438],[78.9175,13.0436],[78.9179,13.0438],[78.919,13.0439],[78.9191,13.0439],[78.921,13.0465],[78.9216,13.047],[78.9371,13.0304],[78.937,13.0305],[78.9174,13.0339],[78.9171,13.0338],[78.9164,13.0337],[78.9057,13.0336],[78.9054,13.0335],[78.9051,13.0334],[78.8916,13.0333],[78.8956,13.095],[78.8957,13.0951],[78.8778,13.0976],[78.8774,13.0974],[78.8772,13.0973],[78.8751,13.0968],[78.8749,13.0966],[78.871,13.0819],[78.8706,13.0821],[78.8603,13.0834],[78.8596,13.0831],[78.8592,13.0831],[78.8554,13.0824],[78.855,13.0822],[78.8545,13.0822],[78.8538,13.082],[78.8534,13.0819],[78.8531,13.0819],[78.8459,13.0803],[78.8452,13.08],[78.845,13.0799],[78.8439,13.0796],[78.8435,13.0794],[78.8423,13.0787],[78.842,13.0786],[78.8203,13.0879],[78.8198,13.088],[78.8131,13.0891],[78.8131,13.0891],[78.7928,13.0658],[78.7921,13.0655],[78.7906,13.0651],[78.7904,13.0651],[78.7901,13.0649],[78.7893,13.0647],[78.7832,13.0631],[78.7829,13.063],[78.7826,13.0629],[78.7772,13.0618],[78.7769,13.0617],[78.7766,13.0616],[78.7757,13.0614],[78.7754,13.0613],[78.7749,13.0611],[78.7737,13.0608],[78.7733,13.0606],[78.7724,13.0604],[78.7708,13.06],[78.7704,13.0599],[78.77,13.0598],[78.7634,13.0581],[78.7631,13.058],[78.7628,13.0579],[78.7587,13.057],[78.7585,13.0569],[78.7577,13.0567],[78.7562,13.0564],[78.7559,13.0563],[78.7555,13.0562],[78.7539,13.0557],[78.7532,13.0555],[78.7526,13.0552],[78.7518,13.0549],[78.7145,13.0687],[78.7133,13.0648],[78.7116,13.0561],[78.71,13.0469],[78.7053,13.0152],[78.7013,13.0167],[78.6562,13.0312],[78.6557,13.0275],[78.6345,13.0004],[78.6343,13.0001],[78.626,12.9925],[78.6256,12.9924],[78.6245,12.9921],[78.623,12.9917],[78.6219,12.9915],[78.6215,12.9914],[78.621,12.9913],[78.6209,12.9912],[78.6219,12.9904],[78.6471,12.9662],[78.6466,12.9661],[78.6381,12.9648],[78.6382,12.9641],[78.657,12.9321],[78.6564,12.932],[78.6562,12.9319],[78.6526,12.9291],[78.6523,12.9291],[78.6361,12.9316],[78.6358,12.9315],[78.6355,12.9314],[78.6347,12.9312],[78.6334,12.9317],[78.6335,12.9313],[78.6029,12.8447],[78.6539,12.8653],[78.7121,12.8598],[78.7163,12.8502],[78.7187,12.8647],[78.7304,12.8657],[78.7341,12.8304],[78.7492,12.8177],[78.7826,12.8473],[78.9179,12.9107],[78.9037,12.8492],[78.8762,12.8534],[78.8975,12.8342],[78.865,12.8262],[78.8847,12.8105],[78.8718,12.7744],[78.8489,12.7565],[78.8449,12.6968],[78.8564,12.6827],[78.8086,12.6362],[78.8377,12.6434],[78.8583,12.6334],[78.8963,12.6899],[78.8973,12.6791],[78.9119,12.6873],[78.9276,12.6759],[78.9499,12.6864],[78.9715,12.6669],[78.9948,12.706],[79.0238,12.6926],[79.0122,12.6573],[79.0735,12.7559],[79.132,12.7624],[79.1592,12.7528],[79.1611,12.7729],[79.174,12.7415],[79.2072,12.7418],[79.2087,12.7847],[79.1782,12.82],[79.1926,12.8883],[79.2109,12.8952],[79.1913,12.9081],[79.1881,12.926],[79.2233,12.9564],[79.2679,12.9401],[79.266,12.9874],[79.2945,13.0472],[79.2725,13.087],[79.2934,13.1014],[79.284,13.1228],[79.2837,13.1242],[79.2719,13.1548],[79.2714,13.1538],[79.2712,13.1537],[79.2705,13.1537],[79.2698,13.1538],[79.2694,13.153],[79.2674,13.1497],[79.2671,13.1496],[79.2644,13.1493],[79.2644,13.1491],[79.2635,13.1491],[79.2604,13.1596],[79.2601,13.1593],[79.2595,13.1589],[79.2593,13.1589],[79.2568,13.1607],[79.2563,13.1603],[79.2559,13.1602],[79.2533,13.1603],[79.2529,13.1593],[79.2525,13.1578],[79.2522,13.1577],[79.2521,13.1573],[79.2466,13.1386],[79.2461,13.1384],[79.2422,13.1477],[79.2424,13.148],[79.2429,13.148],[79.2435,13.1484],[79.2437,13.1485],[79.2448,13.1486],[79.2434,13.1511],[79.2435,13.1505],[79.2435,13.1498],[79.243,13.1497],[79.2428,13.1521],[79.2431,13.1525],[79.2439,13.1526],[79.2442,13.1527],[79.2411,13.1596],[79.241,13.1624],[79.2419,13.1624]]]]}},{"type":"Feature","properties":{"district":"Villupuram"},"geometry":{"type":"Polygon","coordinates":[[[79.4084,12.4112],[79.4016,12.4357],[79.3825,12.4423],[79.3253,12.4508],[79.309,12.4387],[79.2318,12.443],[79.2272,12.4019],[79.2485,12.383],[79.2371,12.3685],[79.2274,12.3727],[79.2392,12.3465],[79.2251,12.3467],[79.2248,12.3472],[79.1982,12.343],[79.2346,12.3299],[79.2341,12.3157],[79.2893,12.3179],[79.2738,12.3055],[79.2801,12.2918],[79.245,12.274],[79.2484,12.241],[79.2251,12.222],[79.2359,12.2122],[79.2157,12.2123],[79.2346,12.1841],[79.2159,12.1983],[79.2099,12.1872],[79.2106,12.1661],[79.2767,12.126],[79.2792,12.1079],[79.2572,12.0799],[79.2379,12.0766],[79.2336,12.0592],[79.2007,12.0699],[79.1726,12.0305],[79.1684,11.9922],[79.1864,11.9858],[79.1847,11.9728],[79.2202,11.9734],[79.2116,11.9867],[79.2359,11.9993],[79.2294,11.9727],[79.243,11.9632],[79.2331,11.9538],[79.2484,11.9511],[79.2566,11.9655],[79.2642,11.9496],[79.3036,11.9362],[79.3081,11.9204],[79.3749,11.9195],[79.4551,11.8715],[79.5908,11.8415],[79.6411,11.7985],[79.6748,11.8068],[79.6779,11.8144],[79.6784,11.8144],[79.6799,11.8144],[79.6853,11.8126],[79.6857,11.8125],[79.6856,11.8325],[79.7031,11.8319],[79.6851,11.881],[79.6799,11.8808],[79.6769,11.8808],[79.6739,11.8837],[79.6738,11.8874],[79.6739,11.8889],[79.6751,11.8916],[79.6775,11.8915],[79.6826,11.8888],[79.6834,11.8888],[79.6846,11.8888],[79.6869,11.8909],[79.6885,11.8946],[79.6894,11.8947],[79.6932,11.8946],[79.6932,11.895],[79.6933,11.895],[79.6954,11.8948],[79.6956,11.8985],[79.6979,11.9047],[79.6976,11.9048],[79.6978,11.9076],[79.6957,11.9087],[79.6957,11.9089],[79.6958,11.9094],[79.6955,11.911],[79.6954,11.9112],[79.6955,11.9136],[79.6958,11.9155],[79.696,11.9177],[79.6962,11.919],[79.6962,11.9192],[79.6967,11.9192],[79.6987,11.9192],[79.7046,11.9191],[79.7059,11.9191],[79.7067,11.919],[79.7083,11.9194],[79.7108,11.9193],[79.7155,11.9192],[79.7168,11.9191],[79.7186,11.919],[79.7187,11.919],[79.7181,11.9147],[79.7144,11.9134],[79.7127,11.9135],[79.7107,11.9136],[79.7067,11.9082],[79.709,11.9043],[79.7085,11.9016],[79.7074,11.9015],[79.7053,11.8939],[79.7075,11.8936],[79.7087,11.8933],[79.7095,11.8925],[79.7095,11.8924],[79.7096,11.8919],[79.7098,11.8917],[79.7109,11.8908],[79.7112,11.8907],[79.7116,11.8907],[79.7118,11.8907],[79.712,11.8908],[79.7121,11.891],[79.7123,11.8916],[79.7124,11.8917],[79.7126,11.8918],[79.7134,11.8911],[79.7135,11.891],[79.7137,11.891],[79.7138,11.8911],[79.7142,11.8916],[79.7144,11.8916],[79.7148,11.8916],[79.7152,11.8916],[79.7154,11.8917],[79.7163,11.8926],[79.7166,11.8928],[79.7171,11.8927],[79.7173,11.8926],[79.7179,11.892],[79.718,11.8918],[79.7188,11.8904],[79.719,11.8904],[79.7192,11.8903],[79.7196,11.8904],[79.72,11.8905],[79.721,11.8905],[79.722,11.89],[79.7225,11.8898],[79.7225,11.8898],[79.7223,11.8897],[79.7221,11.8894],[79.7233,11.8887],[79.7247,11.8888],[79.7249,11.8891],[79.7243,11.8898],[79.7233,11.8904],[79.7228,11.8911],[79.7227,11.8913],[79.7227,11.8915],[79.7228,11.8917],[79.723,11.8918],[79.7233,11.8918],[79.7236,11.8918],[79.7238,11.8918],[79.7243,11.8919],[79.7244,11.8919],[79.7246,11.8918],[79.7247,11.8915],[79.7248,11.8908],[79.7249,11.8906],[79.725,11.8906],[79.7252,11.8906],[79.7256,11.891],[79.7262,11.891],[79.7268,11.8907],[79.7279,11.8901],[79.7286,11.8901],[79.7288,11.8902],[79.7289,11.8902],[79.729,11.8905],[79.7294,11.8913],[79.7295,11.8917],[79.7305,11.8924],[79.7305,11.8932],[79.7305,11.8938],[79.7306,11.8963],[79.7306,11.898],[79.7307,11.9011],[79.7307,11.902],[79.7313,11.9032],[79.7334,11.9036],[79.7344,11.9041],[79.7358,11.9041],[79.7375,11.9041],[79.7355,11.911],[79.7326,11.9133],[79.73,11.917],[79.7285,11.9188],[79.7265,11.922],[79.7239,11.9244],[79.7185,11.9282],[79.7176,11.9296],[79.718,11.9312],[79.7199,11.9393],[79.7204,11.9422],[79.7207,11.9435],[79.7208,11.944],[79.7196,11.9454],[79.7124,11.9485],[79.7109,11.9493],[79.7095,11.9494],[79.7094,11.9489],[79.7091,11.9475],[79.7083,11.9472],[79.7079,11.9463],[79.7083,11.9404],[79.7089,11.9389],[79.7112,11.9331],[79.7108,11.9332],[79.7097,11.9339],[79.7084,11.9344],[79.7065,11.9354],[79.7066,11.936],[79.7066,11.9369],[79.7065,11.9373],[79.7058,11.9384],[79.7048,11.9397],[79.7043,11.9402],[79.7038,11.9404],[79.7033,11.9406],[79.7028,11.9407],[79.6968,11.9426],[79.6963,11.9441],[79.696,11.9445],[79.6959,11.9449],[79.6958,11.9473],[79.6958,11.9477],[79.6943,11.9488],[79.694,11.9496],[79.693,11.9507],[79.6917,11.9513],[79.6918,11.952],[79.6935,11.9573],[79.6945,11.9607],[79.6957,11.9639],[79.697,11.9619],[79.7009,11.9627],[79.7014,11.9634],[79.7038,11.9672],[79.706,11.9667],[79.7073,11.9661],[79.7078,11.966],[79.7112,11.9672],[79.7114,11.9674],[79.7148,11.9677],[79.7157,11.9697],[79.713,11.9733],[79.7124,11.9736],[79.7122,11.9744],[79.7122,11.9744],[79.7104,11.9757],[79.7104,11.9757],[79.7093,11.9758],[79.71,11.9766],[79.7154,11.9849],[79.7165,11.9857],[79.7203,11.9923],[79.7221,11.9926],[79.7231,11.9925],[79.729,11.9936],[79.7305,11.9932],[79.7339,11.9945],[79.7348,11.9975],[79.7358,11.9975],[79.737,11.9979],[79.737,11.9984],[79.7377,12.001],[79.7399,12.0009],[79.74,12.0013],[79.7401,12.0013],[79.7413,12.0012],[79.7415,12.0014],[79.7487,12.0073],[79.7516,12.0062],[79.7621,11.9931],[79.7481,11.9848],[79.7437,11.9799],[79.7429,11.978],[79.7402,11.9782],[79.7402,11.9786],[79.7388,11.9788],[79.7379,11.979],[79.7357,11.9791],[79.7337,11.9808],[79.733,11.9811],[79.732,11.9815],[79.7308,11.9832],[79.7302,11.9832],[79.7302,11.9839],[79.7298,11.9845],[79.7296,11.9847],[79.7298,11.9853],[79.7303,11.9854],[79.7304,11.9854],[79.7304,11.9859],[79.7271,11.9859],[79.7259,11.9835],[79.7255,11.982],[79.7249,11.9805],[79.7242,11.9795],[79.7236,11.978],[79.7235,11.977],[79.7236,11.9762],[79.7237,11.9751],[79.724,11.9735],[79.7243,11.9728],[79.7245,11.9717],[79.7245,11.9712],[79.7273,11.9712],[79.7289,11.9709],[79.7296,11.9707],[79.7302,11.9704],[79.7312,11.9699],[79.7346,11.9684],[79.736,11.9679],[79.7376,11.9674],[79.7403,11.9664],[79.742,11.9659],[79.7448,11.964],[79.7457,11.9593],[79.7466,11.9543],[79.7487,11.944],[79.7488,11.9382],[79.749,11.9337],[79.7492,11.9272],[79.7493,11.9263],[79.7493,11.9232],[79.7493,11.9222],[79.7499,11.9227],[79.7511,11.9217],[79.7503,11.9206],[79.7503,11.9199],[79.7537,11.9201],[79.7563,11.9228],[79.7564,11.9237],[79.7564,11.9243],[79.7565,11.927],[79.761,11.9285],[79.7622,11.9285],[79.7607,11.932],[79.7604,11.9359],[79.7604,11.9384],[79.7605,11.9391],[79.7605,11.9401],[79.7636,11.9442],[79.7652,11.9442],[79.7663,11.9441],[79.769,11.944],[79.7715,11.9439],[79.7722,11.9464],[79.7736,11.949],[79.7739,11.9499],[79.7751,11.9497],[79.7763,11.9517],[79.7768,11.9537],[79.7795,11.9536],[79.7835,11.9563],[79.7839,11.9576],[79.7846,11.9596],[79.7872,11.9602],[79.7877,11.9602],[79.7882,11.9604],[79.7884,11.9597],[79.8013,11.9546],[79.8033,11.9531],[79.8051,11.9553],[79.805,11.9564],[79.8052,11.9632],[79.8059,11.9657],[79.8062,11.9665],[79.8065,11.968],[79.8072,11.9695],[79.8084,11.9725],[79.8088,11.9733],[79.8098,11.9752],[79.8114,11.9768],[79.8126,11.9779],[79.8163,11.979],[79.817,11.9787],[79.8406,11.9558],[79.8514,12.0085],[79.8499,12.0093],[79.849,12.0096],[79.8452,12.0109],[79.8446,12.0111],[79.8438,12.0114],[79.8429,12.0118],[79.8422,12.0121],[79.8409,12.0132],[79.8411,12.0155],[79.8414,12.0171],[79.8417,12.0178],[79.8426,12.0211],[79.8428,12.0222],[79.8437,12.0237],[79.8439,12.0256],[79.844,12.0272],[79.8441,12.0328],[79.8441,12.0338],[79.8442,12.0347],[79.8444,12.0354],[79.8449,12.0378],[79.8453,12.0385],[79.8458,12.0402],[79.8464,12.0418],[79.8469,12.0426],[79.8474,12.0434],[79.8479,12.0451],[79.8483,12.0462],[79.8486,12.0471],[79.849,12.0485],[79.8494,12.0497],[79.8495,12.0502],[79.8498,12.0513],[79.8513,12.0509],[79.854,12.0499],[79.8569,12.0488],[79.8607,12.0476],[79.8629,12.047],[79.8667,12.0457],[79.8705,12.0441],[79.8724,12.0431],[80.0086,12.2548],[79.9553,12.2288],[79.9214,12.2501],[79.9245,12.2316],[79.9009,12.2294],[79.8676,12.2489],[79.7992,12.3374],[79.7503,12.3248],[79.7062,12.3346],[79.6797,12.3158],[79.6404,12.3447],[79.6217,12.3495],[79.621,12.3744],[79.6082,12.3781],[79.5982,12.3482],[79.5295,12.3701],[79.4966,12.3449],[79.4933,12.3703],[79.4519,12.3739],[79.438,12.408],[79.4096,12.4096],[79.4084,12.4112]],[[79.6911,12.0324],[79.695,12.0339],[79.6951,12.0338],[79.6952,12.0331],[79.6966,12.0327],[79.6974,12.0325],[79.6977,12.0331],[79.6992,12.0328],[79.7001,12.0326],[79.7003,12.0323],[79.7025,12.0321],[79.7031,12.0316],[79.7036,12.0314],[79.7042,12.0295],[79.7043,12.0289],[79.7044,12.027],[79.7042,12.0263],[79.7039,12.0244],[79.7036,12.0226],[79.7034,12.0219],[79.7034,12.0211],[79.7034,12.0205],[79.7033,12.0194],[79.7028,12.0194],[79.7026,12.0177],[79.7023,12.0174],[79.7018,12.0156],[79.7017,12.0145],[79.7016,12.0138],[79.7027,12.013],[79.7026,12.0109],[79.7025,12.0098],[79.705,12.0074],[79.7062,12.007],[79.7065,12.0067],[79.7075,12.006],[79.7082,12.0042],[79.7093,12.0039],[79.7114,12.0035],[79.7125,12.0014],[79.7155,11.9992],[79.7154,11.9982],[79.7175,11.996],[79.7176,11.9959],[79.7179,11.9956],[79.7184,11.9952],[79.7196,11.9922],[79.7189,11.9922],[79.7177,11.9917],[79.7179,11.9917],[79.7181,11.991],[79.7177,11.9904],[79.7158,11.9905],[79.7145,11.9907],[79.7114,11.9921],[79.7071,11.9942],[79.7067,11.9944],[79.7059,11.9946],[79.7055,11.994],[79.7038,11.9941],[79.7022,11.9934],[79.7014,11.9919],[79.7002,11.9919],[79.6983,11.9919],[79.696,11.992],[79.6947,11.9916],[79.694,11.9905],[79.6939,11.9903],[79.6936,11.99],[79.6927,11.9899],[79.691,11.9898],[79.6895,11.9901],[79.6855,11.9916],[79.6851,11.9908],[79.6844,11.9897],[79.684,11.9894],[79.6833,11.9883],[79.6832,11.9878],[79.6827,11.9867],[79.6824,11.9864],[79.6809,11.9834],[79.6805,11.9837],[79.68,11.9842],[79.678,11.9862],[79.6776,11.9871],[79.6767,11.9891],[79.6748,11.9918],[79.6719,11.9947],[79.6707,11.9932],[79.6695,11.9926],[79.6676,11.9913],[79.6673,11.991],[79.6651,11.9905],[79.6641,11.9904],[79.6635,11.9902],[79.6629,11.9896],[79.6627,11.9896],[79.662,11.9896],[79.6616,11.9896],[79.6611,11.9893],[79.6609,11.9892],[79.6607,11.9895],[79.6594,11.9906],[79.6586,11.9912],[79.6577,11.9912],[79.6568,11.9924],[79.6584,12.0014],[79.658,12.0021],[79.6578,12.0036],[79.6579,12.004],[79.6576,12.005],[79.658,12.0063],[79.6599,12.0098],[79.6598,12.0106],[79.6639,12.0117],[79.6698,12.0104],[79.6713,12.0101],[79.6716,12.0123],[79.6726,12.0145],[79.6732,12.0157],[79.6733,12.016],[79.673,12.017],[79.6751,12.0208],[79.6755,12.0214],[79.6813,12.0209],[79.6824,12.0216],[79.6826,12.0218],[79.684,12.0235],[79.6848,12.0258],[79.685,12.0263],[79.6862,12.0263],[79.6865,12.027],[79.689,12.0278],[79.6902,12.0294],[79.6911,12.0324]],[[79.7946,12.0168],[79.7917,12.0176],[79.7906,12.0177],[79.7891,12.0182],[79.7893,12.0188],[79.7895,12.02],[79.7896,12.0206],[79.7896,12.0208],[79.7896,12.0209],[79.79,12.0229],[79.7896,12.0243],[79.7894,12.0246],[79.7888,12.0257],[79.7888,12.0261],[79.7891,12.0265],[79.7894,12.0263],[79.791,12.0261],[79.7924,12.0258],[79.7925,12.0254],[79.793,12.0254],[79.7948,12.0257],[79.7965,12.0257],[79.7973,12.0256],[79.8034,12.0259],[79.8043,12.0259],[79.8057,12.0245],[79.805,12.0232],[79.8052,12.0217],[79.8047,12.0206],[79.8036,12.0197],[79.8021,12.0186],[79.802,12.0174],[79.802,12.0173],[79.802,12.0172],[79.8019,12.0171],[79.8011,12.017],[79.7969,12.0167],[79.7965,12.0168],[79.7962,12.0168],[79.796,12.017],[79.7956,12.0175],[79.7952,12.0173],[79.795,12.0169],[79.795,12.0169],[79.7946,12.0168]],[[79.6392,11.9882],[79.6379,11.9849],[79.6375,11.983],[79.6374,11.9822],[79.6373,11.9806],[79.6371,11.9798],[79.6367,11.9786],[79.6389,11.9768],[79.6403,11.9763],[79.6403,11.9753],[79.6404,11.9743],[79.6406,11.9731],[79.6409,11.9728],[79.6412,11.9711],[79.6413,11.971],[79.6429,11.9701],[79.6444,11.9695],[79.6454,11.9691],[79.6464,11.9687],[79.6471,11.9682],[79.6473,11.968],[79.6478,11.9679],[79.6485,11.9674],[79.6482,11.9664],[79.6476,11.9643],[79.6476,11.9629],[79.6477,11.9614],[79.6475,11.9603],[79.6475,11.9595],[79.6476,11.9588],[79.6474,11.9577],[79.647,11.957],[79.6469,11.9564],[79.6474,11.9557],[79.6422,11.954],[79.6419,11.9485],[79.6419,11.9478],[79.6426,11.9444],[79.6427,11.9422],[79.6434,11.9427],[79.6575,11.9481],[79.6574,11.9477],[79.6565,11.947],[79.6568,11.9468],[79.6573,11.946],[79.6574,11.9454],[79.6575,11.9451],[79.6576,11.945],[79.6586,11.9446],[79.6586,11.9432],[79.6586,11.942],[79.6589,11.9419],[79.6594,11.9419],[79.6595,11.9416],[79.66,11.9416],[79.6604,11.9415],[79.6604,11.9415],[79.6604,11.9402],[79.6606,11.9401],[79.6607,11.9401],[79.6608,11.9386],[79.6607,11.9372],[79.6633,11.937],[79.6693,11.9375],[79.6696,11.9355],[79.6701,11.9356],[79.6703,11.9356],[79.6703,11.9352],[79.6698,11.9316],[79.6707,11.9316],[79.6705,11.9299],[79.6611,11.9152],[79.6627,11.9152],[79.6627,11.9144],[79.6575,11.913],[79.656,11.9129],[79.6483,11.9077],[79.6468,11.9078],[79.6254,11.903],[79.6253,11.903],[79.6284,11.9195],[79.6282,11.9199],[79.628,11.9206],[79.6207,11.9249],[79.6185,11.9261],[79.6188,11.9288],[79.6189,11.9303],[79.6185,11.9303],[79.6185,11.9305],[79.6187,11.932],[79.6182,11.9321],[79.6185,11.9347],[79.6185,11.9361],[79.6179,11.936],[79.6284,11.9452],[79.6287,11.9535],[79.6287,11.9586],[79.6284,11.9597],[79.6282,11.9599],[79.6279,11.9609],[79.6274,11.9617],[79.6271,11.9625],[79.627,11.9632],[79.6266,11.9643],[79.627,11.9664],[79.6244,11.969],[79.6237,11.9692],[79.6231,11.9692],[79.6225,11.9698],[79.6216,11.9699],[79.6186,11.9703],[79.6186,11.9708],[79.6189,11.9712],[79.6243,11.9758],[79.6245,11.9771],[79.6239,11.9786],[79.6241,11.98],[79.6244,11.9818],[79.6208,11.9839],[79.6198,11.9845],[79.6175,11.9867],[79.6179,11.9872],[79.6174,11.9878],[79.6172,11.9887],[79.6172,11.9896],[79.6187,11.9895],[79.6236,11.9893],[79.6238,11.9898],[79.6245,11.9921],[79.6247,11.9942],[79.6249,11.9948],[79.6259,12.0004],[79.624,12.0004],[79.6192,12.0014],[79.6193,12.0047],[79.6193,12.0048],[79.6204,12.009],[79.6209,12.0124],[79.6255,12.0322],[79.651,12.0218],[79.65,12.0209],[79.6494,12.0203],[79.649,12.0199],[79.6477,12.0183],[79.6478,12.0158],[79.6468,12.0148],[79.6464,12.0125],[79.6463,12.0105],[79.6461,12.0094],[79.646,12.0081],[79.6458,12.0071],[79.6453,12.0047],[79.6439,12.0052],[79.6433,12.0029],[79.6431,12.0014],[79.6425,11.9997],[79.6423,11.9992],[79.6421,11.9989],[79.6417,11.9985],[79.6414,11.9983],[79.641,11.9982],[79.6406,11.9982],[79.6391,11.9983],[79.6372,11.9984],[79.6364,11.9981],[79.6362,11.9958],[79.6367,11.9954],[79.6414,11.9911],[79.6402,11.9898],[79.64,11.9883],[79.6398,11.988],[79.6392,11.9882]],[[79.6784,11.9718],[79.6802,11.9719],[79.6807,11.9729],[79.6845,11.9731],[79.6867,11.9728],[79.6877,11.9691],[79.6874,11.9685],[79.6857,11.9647],[79.6846,11.9626],[79.6842,11.9614],[79.6843,11.9601],[79.684,11.9588],[79.6839,11.9578],[79.6838,11.9568],[79.6838,11.9566],[79.6836,11.9565],[79.6834,11.9563],[79.6835,11.9545],[79.6838,11.9543],[79.6839,11.9542],[79.684,11.9537],[79.6846,11.9538],[79.6847,11.9534],[79.6842,11.9532],[79.6828,11.9529],[79.682,11.9521],[79.6815,11.9521],[79.6811,11.952],[79.6808,11.9518],[79.6803,11.9518],[79.6802,11.9517],[79.6793,11.9508],[79.6793,11.9507],[79.6778,11.9498],[79.6767,11.9496],[79.6766,11.9485],[79.6744,11.9484],[79.6737,11.9484],[79.6734,11.9481],[79.6732,11.9479],[79.6719,11.9481],[79.6718,11.9484],[79.6718,11.9485],[79.6709,11.9489],[79.6709,11.9492],[79.6701,11.9495],[79.6699,11.9495],[79.6679,11.9497],[79.6673,11.9497],[79.6668,11.9498],[79.6641,11.9509],[79.6636,11.9509],[79.6612,11.9502],[79.6602,11.9502],[79.6585,11.9511],[79.6583,11.9518],[79.6583,11.9523],[79.6583,11.9524],[79.6579,11.9525],[79.6574,11.9525],[79.6569,11.9528],[79.6561,11.953],[79.6548,11.9534],[79.6545,11.9538],[79.6529,11.9577],[79.6538,11.9607],[79.6563,11.959],[79.6572,11.9586],[79.658,11.9585],[79.6588,11.9584],[79.6592,11.9583],[79.66,11.9584],[79.6601,11.9603],[79.6602,11.9609],[79.6605,11.9626],[79.6619,11.9625],[79.662,11.9628],[79.6625,11.9659],[79.6623,11.9686],[79.6635,11.9689],[79.6676,11.9682],[79.669,11.9686],[79.6696,11.9686],[79.671,11.9683],[79.6719,11.968],[79.6728,11.9678],[79.6733,11.9678],[79.6738,11.9678],[79.6744,11.9679],[79.675,11.968],[79.6751,11.9683],[79.6757,11.9683],[79.6768,11.9689],[79.6784,11.9718]],[[79.6171,11.8834],[79.6176,11.8844],[79.618,11.8845],[79.6182,11.8846],[79.6184,11.8849],[79.6185,11.8854],[79.6184,11.8859],[79.6185,11.8862],[79.6186,11.8863],[79.619,11.8868],[79.6191,11.8872],[79.6249,11.8892],[79.625,11.8892],[79.6298,11.8887],[79.6297,11.8883],[79.6297,11.8869],[79.6299,11.885],[79.6299,11.8843],[79.63,11.8822],[79.6299,11.8813],[79.6316,11.8812],[79.6347,11.8841],[79.6348,11.8875],[79.6347,11.8885],[79.6347,11.8888],[79.6349,11.8888],[79.6351,11.8886],[79.6357,11.8881],[79.6362,11.8881],[79.6412,11.8866],[79.6411,11.8859],[79.6408,11.8837],[79.6405,11.8806],[79.6464,11.8806],[79.6486,11.873],[79.6499,11.8705],[79.6519,11.8703],[79.6532,11.8703],[79.6566,11.8701],[79.6577,11.8701],[79.6593,11.8677],[79.6601,11.8675],[79.6608,11.8673],[79.6618,11.8673],[79.6627,11.8673],[79.6628,11.8668],[79.6633,11.8654],[79.6635,11.8628],[79.6617,11.8612],[79.6618,11.8593],[79.6613,11.8593],[79.6607,11.8581],[79.658,11.8537],[79.6579,11.8527],[79.6569,11.8521],[79.6549,11.8519],[79.6538,11.851],[79.652,11.8503],[79.6503,11.8503],[79.6486,11.8502],[79.6471,11.8502],[79.6453,11.8509],[79.643,11.8514],[79.639,11.8523],[79.6378,11.8526],[79.6361,11.8529],[79.6303,11.8538],[79.6287,11.8539],[79.6278,11.8541],[79.6271,11.8622],[79.6273,11.8642],[79.6286,11.8653],[79.6285,11.8698],[79.6276,11.8698],[79.6264,11.8698],[79.6252,11.8696],[79.6243,11.8695],[79.6232,11.8696],[79.6214,11.8699],[79.6192,11.8702],[79.6197,11.8689],[79.6197,11.8687],[79.6197,11.8681],[79.6196,11.8657],[79.6196,11.8632],[79.6195,11.8627],[79.6159,11.8628],[79.6151,11.8629],[79.6141,11.863],[79.6141,11.8627],[79.6122,11.8626],[79.6125,11.8617],[79.6108,11.8609],[79.6102,11.8607],[79.6102,11.8605],[79.6107,11.86],[79.6083,11.8602],[79.6076,11.8601],[79.6073,11.86],[79.607,11.8597],[79.6061,11.859],[79.6056,11.8587],[79.6054,11.8586],[79.605,11.8586],[79.6045,11.8587],[79.6036,11.8585],[79.6027,11.8581],[79.6021,11.8583],[79.6023,11.8601],[79.6025,11.8623],[79.6026,11.8635],[79.6028,11.8642],[79.6031,11.8671],[79.6031,11.8687],[79.603,11.8701],[79.6016,11.8712],[79.6014,11.8712],[79.601,11.8728],[79.6009,11.8734],[79.6007,11.8748],[79.6001,11.8758],[79.5999,11.8773],[79.5997,11.8807],[79.6,11.8829],[79.6017,11.8827],[79.6028,11.8823],[79.6039,11.8818],[79.6046,11.8813],[79.6056,11.8804],[79.6071,11.8787],[79.6076,11.8782],[79.6078,11.8776],[79.6087,11.8771],[79.6119,11.879],[79.6154,11.8817],[79.6171,11.8834]],[[79.6473,11.8442],[79.6516,11.8438],[79.6522,11.8432],[79.653,11.8426],[79.6537,11.8422],[79.6563,11.8413],[79.6594,11.8403],[79.6618,11.8394],[79.6619,11.8381],[79.6606,11.8326],[79.66,11.8312],[79.6595,11.8294],[79.6596,11.8292],[79.6597,11.8291],[79.6606,11.8279],[79.6616,11.8268],[79.6624,11.8258],[79.6634,11.8253],[79.6659,11.8245],[79.6686,11.8241],[79.6702,11.8239],[79.6713,11.8227],[79.6712,11.8207],[79.6712,11.8203],[79.6691,11.815],[79.6669,11.815],[79.6652,11.815],[79.6637,11.8133],[79.6627,11.8132],[79.6611,11.8136],[79.6604,11.8134],[79.66,11.813],[79.6591,11.813],[79.6588,11.8133],[79.6579,11.8138],[79.6569,11.814],[79.6547,11.8143],[79.6527,11.8144],[79.6523,11.8146],[79.6514,11.815],[79.6499,11.8153],[79.648,11.8154],[79.6463,11.8162],[79.6463,11.8164],[79.6468,11.818],[79.6471,11.8197],[79.645,11.8202],[79.6452,11.821],[79.6443,11.8222],[79.6432,11.8225],[79.6424,11.8226],[79.6409,11.8234],[79.641,11.8244],[79.6419,11.8248],[79.6423,11.8254],[79.6426,11.8258],[79.6432,11.8261],[79.6434,11.8266],[79.6434,11.8272],[79.6435,11.8279],[79.6439,11.8299],[79.6446,11.8336],[79.6446,11.8337],[79.6454,11.8344],[79.6458,11.835],[79.6459,11.8357],[79.6458,11.8366],[79.6457,11.8383],[79.6453,11.8391],[79.646,11.8423],[79.6473,11.8442]]]}},{"type":"Feature","properties":{"district":"Virudhunagar"},"geometry":{"type":"Polygon","coordinates":[[[78.2478,9.2969],[78.281,9.2842],[78.3293,9.2758],[78.3609,9.3251],[78.3627,9.3492],[78.3331,9.3541],[78.3244,9.3324],[78.2978,9.326],[78.2954,9.3426],[78.3105,9.3452],[78.3042,9.3843],[78.2632,9.3866],[78.2552,9.3736],[78.243,9.3811],[78.2432,9.4067],[78.2225,9.4101],[78.2186,9.4474],[78.3012,9.4422],[78.2994,9.4615],[78.311,9.4679],[78.3519,9.461],[78.3301,9.4728],[78.3285,9.4952],[78.3473,9.5114],[78.3757,9.508],[78.3874,9.5361],[78.3724,9.5432],[78.3684,9.5705],[78.3939,9.5814],[78.3978,9.5952],[78.4122,9.588],[78.4295,9.6088],[78.409,9.6196],[78.3999,9.612],[78.3885,9.6536],[78.3561,9.6515],[78.3497,9.666],[78.3393,9.6581],[78.3428,9.6809],[78.321,9.7072],[78.3248,9.7427],[78.3121,9.7191],[78.312,9.7188],[78.2955,9.6935],[78.3019,9.6783],[78.2801,9.6833],[78.2795,9.6836],[78.2769,9.7406],[78.2102,9.7825],[78.2043,9.7636],[78.1733,9.7602],[78.1722,9.7481],[78.163,9.7575],[78.1433,9.7429],[78.137,9.7617],[78.107,9.7861],[78.0881,9.7794],[78.1043,9.7682],[78.1011,9.7551],[78.0671,9.7529],[78.0614,9.7415],[78.0878,9.6834],[78.0818,9.6632],[78.0593,9.6618],[78.0615,9.6706],[78.0406,9.6785],[78.0146,9.6395],[78.0007,9.6503],[77.9753,9.6296],[77.9526,9.6496],[77.9232,9.6476],[77.9007,9.6265],[77.8914,9.6423],[77.8489,9.6504],[77.8419,9.6353],[77.7947,9.6487],[77.7763,9.6404],[77.76,9.6827],[77.7101,9.7054],[77.7077,9.691],[77.6937,9.6974],[77.6812,9.6767],[77.6566,9.6798],[77.644,9.7064],[77.6288,9.7047],[77.5519,9.6444],[77.5373,9.6598],[77.4983,9.5754],[77.4754,9.5631],[77.4731,9.5485],[77.4279,9.5465],[77.4025,9.5251],[77.412,9.508],[77.4117,9.5076],[77.3985,9.4888],[77.3993,9.4855],[77.3926,9.4594],[77.362,9.4572],[77.3394,9.4201],[77.3891,9.3922],[77.4197,9.3993],[77.434,9.3909],[77.4505,9.3699],[77.4385,9.3681],[77.4414,9.3543],[77.468,9.3467],[77.4648,9.3291],[77.4747,9.3407],[77.5221,9.335],[77.5191,9.3567],[77.5331,9.3761],[77.5749,9.3541],[77.573,9.343],[77.5896,9.3476],[77.5856,9.3086],[77.6557,9.2834],[77.7121,9.2914],[77.7392,9.2805],[77.7416,9.2645],[77.7585,9.2666],[77.7703,9.2359],[77.7897,9.2515],[77.7735,9.2764],[77.7967,9.273],[77.8075,9.2452],[77.8802,9.2452],[77.8782,9.2079],[77.9152,9.2006],[77.9321,9.2229],[77.9561,9.2306],[77.9568,9.2486],[77.9839,9.2515],[77.9877,9.2682],[78.0084,9.2738],[78.0106,9.3083],[78.0498,9.3066],[78.034,9.3337],[78.0535,9.3605],[78.1489,9.372],[78.1685,9.3688],[78.1747,9.3387],[78.2088,9.3272],[78.2158,9.3015],[78.2478,9.2969]]]}},{"type":"Feature","properties":{"district":"Krishnagiri"},"geometry":{"type":"Polygon","coordinates":[[[78.231,12.7607],[78.1342,12.782],[78.0533,12.8539],[78.0239,12.8565],[78.029,12.8452],[78.0039,12.8256],[78.0098,12.8057],[77.9885,12.8082],[77.9804,12.8351],[77.9643,12.8328],[77.9523,12.8571],[77.94,12.8531],[77.9407,12.8233],[77.9206,12.8282],[77.9228,12.8556],[77.9418,12.8716],[77.9277,12.8749],[77.9293,12.8909],[77.8677,12.8681],[77.836,12.8703],[77.7925,12.8427],[77.8099,12.8315],[77.7997,12.8052],[77.8085,12.7967],[77.7788,12.768],[77.7927,12.7479],[77.7624,12.7353],[77.7745,12.7242],[77.7639,12.6996],[77.7352,12.694],[77.7399,12.673],[77.7116,12.6831],[77.7042,12.6614],[77.6787,12.6604],[77.6764,12.6795],[77.6599,12.6838],[77.5989,12.6672],[77.5973,12.6574],[77.6062,12.6289],[77.591,12.6152],[77.5804,12.5516],[77.5872,12.5148],[77.6163,12.5092],[77.5837,12.4788],[77.6074,12.4751],[77.6261,12.4963],[77.6348,12.4868],[77.6168,12.3682],[77.5786,12.3357],[77.5513,12.2912],[77.5142,12.2754],[77.4876,12.2805],[77.4711,12.2435],[77.4826,12.2302],[77.472,12.2079],[77.4927,12.1973],[77.6589,12.1993],[77.7313,12.1801],[77.7467,12.1558],[77.7724,12.172],[77.7943,12.1483],[77.8145,12.2342],[77.8453,12.2622],[77.8617,12.2545],[77.8677,12.2658],[77.8672,12.3302],[77.9267,12.3251],[77.9485,12.3366],[77.9495,12.3751],[77.9709,12.4127],[77.9451,12.4494],[77.9304,12.4418],[77.9238,12.4561],[77.9345,12.4694],[77.8999,12.4997],[77.9089,12.5127],[77.9215,12.5042],[77.9424,12.5137],[77.9589,12.4839],[77.9858,12.5098],[78.0118,12.5028],[78.0271,12.4597],[78.0491,12.4756],[78.0778,12.4636],[78.0801,12.4489],[78.1181,12.4547],[78.1146,12.4453],[78.1425,12.4272],[78.1278,12.4023],[78.1349,12.3819],[78.1667,12.3629],[78.1736,12.3372],[78.2052,12.3291],[78.2362,12.3479],[78.2473,12.3328],[78.2294,12.3174],[78.232,12.3022],[78.2582,12.2945],[78.2675,12.2634],[78.3022,12.274],[78.3526,12.2473],[78.3549,12.2261],[78.4031,12.2239],[78.3744,12.1953],[78.3909,12.1861],[78.4086,12.1965],[78.4464,12.1911],[78.4719,12.1728],[78.4653,12.1467],[78.5064,12.1429],[78.5165,12.1772],[78.5715,12.1935],[78.5825,12.1623],[78.6123,12.1825],[78.6329,12.1766],[78.6407,12.1977],[78.65,12.1882],[78.6697,12.1975],[78.6886,12.2219],[78.6508,12.2402],[78.6482,12.2579],[78.6481,12.2584],[78.648,12.2584],[78.6352,12.2612],[78.6414,12.2822],[78.6036,12.2628],[78.6095,12.3098],[78.5883,12.3128],[78.6172,12.3473],[78.5845,12.3606],[78.5675,12.389],[78.5141,12.4071],[78.5086,12.3988],[78.4961,12.4121],[78.4901,12.3869],[78.4358,12.3938],[78.4556,12.4285],[78.4155,12.4882],[78.4125,12.6269],[78.4016,12.6273],[78.4001,12.6269],[78.3991,12.6267],[78.3983,12.6266],[78.3878,12.6269],[78.3863,12.6265],[78.385,12.6264],[78.3836,12.6261],[78.3825,12.6258],[78.3805,12.6252],[78.3794,12.625],[78.3037,12.6665],[78.3025,12.6663],[78.301,12.6659],[78.3012,12.6663],[78.2673,12.7054],[78.2649,12.7049],[78.2619,12.7046],[78.2608,12.7046],[78.2522,12.7061],[78.2516,12.706],[78.2488,12.7054],[78.2486,12.7054],[78.2446,12.7063],[78.2445,12.7062],[78.2411,12.7029],[78.2406,12.7028],[78.2401,12.7027],[78.2377,12.6858],[78.2372,12.6859],[78.2321,12.6872],[78.2319,12.6872],[78.2313,12.6872],[78.2306,12.6872],[78.2304,12.6872],[78.2303,12.6872],[78.2293,12.6872],[78.2291,12.6872],[78.2289,12.6871],[78.2284,12.687],[78.2264,12.6865],[78.2261,12.6865],[78.2259,12.6865],[78.2249,12.6863],[78.2247,12.6863],[78.2153,12.6862],[78.215,12.6862],[78.2146,12.6862],[78.2137,12.6861],[78.2134,12.6861],[78.213,12.6861],[78.2026,12.6932],[78.2022,12.6929],[78.2013,12.6916],[78.201,12.6917],[78.1995,12.6955],[78.1996,12.6955],[78.2016,12.6952],[78.2018,12.6952],[78.2024,12.6958],[78.2027,12.6961],[78.2035,12.6959],[78.2039,12.6958],[78.2069,12.6992],[78.2072,12.6995],[78.2085,12.699],[78.2087,12.6989],[78.2101,12.7018],[78.2098,12.7018],[78.2094,12.7017],[78.2094,12.7017],[78.2094,12.7025],[78.2091,12.7025],[78.2085,12.7024],[78.208,12.7023],[78.2075,12.7022],[78.2071,12.7022],[78.2072,12.7082],[78.2074,12.7083],[78.2116,12.7076],[78.2119,12.7076],[78.2133,12.7107],[78.2135,12.711],[78.2177,12.7089],[78.2181,12.7088],[78.2269,12.7147],[78.2271,12.7148],[78.2309,12.7127],[78.2312,12.7126],[78.241,12.7299],[78.2338,12.7513],[78.2337,12.7515],[78.2311,12.7597],[78.231,12.7603],[78.231,12.7607]]]}}]}